"output_name"	"antigen_id"	"source"	"source_details"	"mapping_id"	"mapping_details"	"genome_id"
"B. burgdorferi"	"G5IXI6"	"IEDB"	""	""	"IEDB + UNIPROT TO REFSEQ"	"YP_004940414.1"
"B. burgdorferi"	"H7C7K8"	"IEDB"	""	""	"IEDB + UNIPROT TO REFSEQ"	"NP_047002.1"
"B. burgdorferi"	"H7C7N8"	"IEDB"	""	""	"IEDB + UNIPROT TO REFSEQ"	"NP_212737.1"
"B. burgdorferi"	"O50811"	"IEDB"	""	""	"IEDB + UNIPROT TO REFSEQ"	"NP_045581.1"
"B. burgdorferi"	"P0CL66"	"IEDB"	""	""	"IEDB + UNIPROT TO REFSEQ"	"NP_045688.1"
"B. burgdorferi"	"P11089"	"IEDB"	""	""	"IEDB + UNIPROT TO REFSEQ"	"NP_212281.1"
"B. burgdorferi"	"Q07337"	"IEDB"	""	""	"IEDB + UNIPROT TO REFSEQ"	"NP_047005.1"
"B. burgdorferi"	"Q45010"	"IEDB"	""	""	"IEDB + UNIPROT TO REFSEQ"	"NP_212517.1"
"B. burgdorferi"	"Q45013"	"IEDB"	""	""	"IEDB + UNIPROT TO REFSEQ"	"NP_212878.1"
"B. burgdorferi"	"BB_A07"	"PAPER"	"PMID: 18474646"	"O50901"	"PAPER + UNIPROT FROM GENE TO PROTEIN + BLAST"	"NP_045680.2"
"B. burgdorferi"	"BB_A19"	"PAPER"	"PMID: 18474646"	"O50912"	"PAPER + UNIPROT FROM GENE TO PROTEIN + BLAST"	"NP_045692.1"
"B. burgdorferi"	"BB_A34"	"PAPER"	"PMID: 18474646"	"O50927"	"PAPER + UNIPROT FROM GENE TO PROTEIN + BLAST"	"NP_045707.1"
"B. burgdorferi"	"BB_A40"	"PAPER"	"PMID: 18474646"	"O50933"	"PAPER + UNIPROT FROM GENE TO PROTEIN + BLAST"	"NP_045713.1"
"B. burgdorferi"	"BB_A48"	"PAPER"	"PMID: 18474646"	"O50941"	"PAPER + UNIPROT FROM GENE TO PROTEIN + BLAST"	"NP_045721.1"
"B. burgdorferi"	"BB_A57"	"PAPER"	"PMID: 18474646"	"O50949"	"PAPER + UNIPROT FROM GENE TO PROTEIN + BLAST"	"NP_045730.1"
"B. burgdorferi"	"BB_B09"	"PAPER"	"PMID: 18474646"	"O50985"	"PAPER + UNIPROT FROM GENE TO PROTEIN + BLAST"	"NP_046995.1"
"B. burgdorferi"	"BB_B14"	"PAPER"	"PMID: 18474646"	"H7C7Q8"	"PAPER + UNIPROT FROM GENE TO PROTEIN + BLAST"	"NP_047000.1"
"B. burgdorferi"	"BB_C03"	"PAPER"	"PMID: 18474646"	"O50968"	"PAPER + UNIPROT FROM GENE TO PROTEIN + BLAST"	"NP_047018.1"
"B. burgdorferi"	"BB_C10"	"PAPER"	"PMID: 18474646"	"O50973"	"PAPER + UNIPROT FROM GENE TO PROTEIN + BLAST"	"NP_047024.1"
"B. burgdorferi"	"BB_F03"	"PAPER"	"PMID: 18474646"	"O51013"	"PAPER + UNIPROT FROM GENE TO PROTEIN + BLAST"	"NP_045439.1"
"B. burgdorferi"	"BB_G18"	"PAPER"	"PMID: 18474646"	"O50741"	"PAPER + UNIPROT FROM GENE TO PROTEIN + BLAST"	"NP_045478.1"
"B. burgdorferi"	"BB_G33"	"PAPER"	"PMID: 18474646"	"O50756"	"PAPER + UNIPROT FROM GENE TO PROTEIN + BLAST"	"NP_045493.1"
"B. burgdorferi"	"BB_H06"	"PAPER"	"PMID: 18474646"	"O50665"	"PAPER + UNIPROT FROM GENE TO PROTEIN + BLAST"	"NP_045500.1"
"B. burgdorferi"	"BB_H13"	"PAPER"	"PMID: 18474646"	"O50671"	"PAPER + UNIPROT FROM GENE TO PROTEIN + BLAST"	"NP_045506.1"
"B. burgdorferi"	"BB_J24"	"PAPER"	"PMID: 18474646"	"O50779"	"PAPER + UNIPROT FROM GENE TO PROTEIN + BLAST"	"NP_045648.1"
"B. burgdorferi"	"BB_K13"	"PAPER"	"PMID: 18474646"	"O50817"	"PAPER + UNIPROT FROM GENE TO PROTEIN + BLAST"	"NP_045587.2"
"B. burgdorferi"	"BB_K19"	"PAPER"	"PMID: 18474646"	"O50823"	"PAPER + UNIPROT FROM GENE TO PROTEIN + BLAST"	"NP_045593.1"
"B. burgdorferi"	"BB_K23"	"PAPER"	"PMID: 18474646"	"O50827"	"PAPER + UNIPROT FROM GENE TO PROTEIN + BLAST"	"NP_045597.1"
"B. burgdorferi"	"BB_L03"	"PAPER"	"PMID: 18474646"	"Q9R2Q0"	"PAPER + UNIPROT FROM GENE TO PROTEIN + BLAST"	"NP_051380.1"
"B. burgdorferi"	"BB_L03"	"PAPER"	"PMID: 18474646"	"Q9R2Q0"	"PAPER + UNIPROT FROM GENE TO PROTEIN + BLAST"	"NP_051164.1"
"B. burgdorferi"	"BB_L03"	"PAPER"	"PMID: 18474646"	"Q9R2Q0"	"PAPER + UNIPROT FROM GENE TO PROTEIN + BLAST"	"NP_051336.1"
"B. burgdorferi"	"BB_L03"	"PAPER"	"PMID: 18474646"	"Q9R2Q0"	"PAPER + UNIPROT FROM GENE TO PROTEIN + BLAST"	"NP_051206.1"
"B. burgdorferi"	"BB_L27"	"PAPER"	"PMID: 18474646"	"Q9S070"	"PAPER + UNIPROT FROM GENE TO PROTEIN + BLAST"	"NP_051404.2"
"B. burgdorferi"	"BB_L40"	"PAPER"	"PMID: 18474646"	"H7C7R2"	"PAPER + UNIPROT FROM GENE TO PROTEIN + BLAST"	"NP_051417.1"
"B. burgdorferi"	"BB_L40"	"PAPER"	"PMID: 18474646"	"H7C7R2"	"PAPER + UNIPROT FROM GENE TO PROTEIN + BLAST"	"NP_051200.1"
"B. burgdorferi"	"BB_M27"	"PAPER"	"PMID: 18474646"	"Q9S0B8"	"PAPER + UNIPROT FROM GENE TO PROTEIN + BLAST"	"NP_051318.1"
"B. burgdorferi"	"BB_M27"	"PAPER"	"PMID: 18474646"	"Q9S0B8"	"PAPER + UNIPROT FROM GENE TO PROTEIN + BLAST"	"NP_051188.1"
"B. burgdorferi"	"BB_M34"	"PAPER"	"PMID: 18474646"	"Q9S0B1"	"PAPER + UNIPROT FROM GENE TO PROTEIN + BLAST"	"NP_051325.1"
"B. burgdorferi"	"BB_M36"	"PAPER"	"PMID: 18474646"	"Q9S0A9"	"PAPER + UNIPROT FROM GENE TO PROTEIN + BLAST"	"NP_051327.1"
"B. burgdorferi"	"BB_M36"	"PAPER"	"PMID: 18474646"	"Q9S0A9"	"PAPER + UNIPROT FROM GENE TO PROTEIN + BLAST"	"NP_051414.1"
"B. burgdorferi"	"BB_M36"	"PAPER"	"PMID: 18474646"	"Q9S0A9"	"PAPER + UNIPROT FROM GENE TO PROTEIN + BLAST"	"NP_051370.1"
"B. burgdorferi"	"BB_M36"	"PAPER"	"PMID: 18474646"	"Q9S0A9"	"PAPER + UNIPROT FROM GENE TO PROTEIN + BLAST"	"NP_051283.1"
"B. burgdorferi"	"BB_M36"	"PAPER"	"PMID: 18474646"	"Q9S0A9"	"PAPER + UNIPROT FROM GENE TO PROTEIN + BLAST"	"NP_051242.1"
"B. burgdorferi"	"BB_M36"	"PAPER"	"PMID: 18474646"	"Q9S0A9"	"PAPER + UNIPROT FROM GENE TO PROTEIN + BLAST"	"NP_051448.1"
"B. burgdorferi"	"BB_M36"	"PAPER"	"PMID: 18474646"	"Q9S0A9"	"PAPER + UNIPROT FROM GENE TO PROTEIN + BLAST"	"NP_051197.1"
"B. burgdorferi"	"BB_M36"	"PAPER"	"PMID: 18474646"	"Q9S0A9"	"PAPER + UNIPROT FROM GENE TO PROTEIN + BLAST"	"NP_051506.1"
"B. burgdorferi"	"BB_N27"	"PAPER"	"PMID: 18474646"	"Q9S044"	"PAPER + UNIPROT FROM GENE TO PROTEIN + BLAST"	"NP_051440.2"
"B. burgdorferi"	"BB_N34"	"PAPER"	"PMID: 18474646"	"Q9S039"	"PAPER + UNIPROT FROM GENE TO PROTEIN + BLAST"	"NP_051446.1"
"B. burgdorferi"	"BB_O34"	"PAPER"	"PMID: 18474646"	"Q9S078"	"PAPER + UNIPROT FROM GENE TO PROTEIN + BLAST"	"NP_051367.1"
"B. burgdorferi"	"BB_Q13"	"PAPER"	"PMID: 18474646"	"Q9R2S3"	"PAPER + UNIPROT FROM GENE TO PROTEIN + BLAST"	"NP_051476.2"
"B. burgdorferi"	"BB_Q13"	"PAPER"	"PMID: 18474646"	"Q9R2S3"	"PAPER + UNIPROT FROM GENE TO PROTEIN + BLAST"	"NP_051297.2"
"B. burgdorferi"	"BB_Q13"	"PAPER"	"PMID: 18474646"	"Q9R2S3"	"PAPER + UNIPROT FROM GENE TO PROTEIN + BLAST"	"NP_051253.2"
"B. burgdorferi"	"BB_Q13"	"PAPER"	"PMID: 18474646"	"Q9R2S3"	"PAPER + UNIPROT FROM GENE TO PROTEIN + BLAST"	"NP_051383.2"
"B. burgdorferi"	"BB_Q13"	"PAPER"	"PMID: 18474646"	"Q9R2S3"	"PAPER + UNIPROT FROM GENE TO PROTEIN + BLAST"	"NP_051339.1"
"B. burgdorferi"	"BB_Q13"	"PAPER"	"PMID: 18474646"	"Q9R2S3"	"PAPER + UNIPROT FROM GENE TO PROTEIN + BLAST"	"NP_051209.1"
"B. burgdorferi"	"BB_Q13"	"PAPER"	"PMID: 18474646"	"Q9R2S3"	"PAPER + UNIPROT FROM GENE TO PROTEIN + BLAST"	"NP_051167.2"
"B. burgdorferi"	"BB_Q19"	"PAPER"	"PMID: 18474646"	"Q9S002"	"PAPER + UNIPROT FROM GENE TO PROTEIN + BLAST"	"NP_051481.2"
"B. burgdorferi"	"BB_Q19"	"PAPER"	"PMID: 18474646"	"Q9S002"	"PAPER + UNIPROT FROM GENE TO PROTEIN + BLAST"	"NP_051259.1"
"B. burgdorferi"	"BB_Q19"	"PAPER"	"PMID: 18474646"	"Q9S002"	"PAPER + UNIPROT FROM GENE TO PROTEIN + BLAST"	"NP_051430.1"
"B. burgdorferi"	"BB_Q19"	"PAPER"	"PMID: 18474646"	"Q9S002"	"PAPER + UNIPROT FROM GENE TO PROTEIN + BLAST"	"NP_051389.1"
"B. burgdorferi"	"BB_Q19"	"PAPER"	"PMID: 18474646"	"Q9S002"	"PAPER + UNIPROT FROM GENE TO PROTEIN + BLAST"	"NP_051345.1"
"B. burgdorferi"	"BB_Q19"	"PAPER"	"PMID: 18474646"	"Q9S002"	"PAPER + UNIPROT FROM GENE TO PROTEIN + BLAST"	"NP_051303.1"
"B. burgdorferi"	"BB_Q19"	"PAPER"	"PMID: 18474646"	"Q9S002"	"PAPER + UNIPROT FROM GENE TO PROTEIN + BLAST"	"NP_051215.1"
"B. burgdorferi"	"BB_Q19"	"PAPER"	"PMID: 18474646"	"Q9S002"	"PAPER + UNIPROT FROM GENE TO PROTEIN + BLAST"	"NP_051173.1"
"B. burgdorferi"	"BB_Q34"	"PAPER"	"PMID: 18474646"	"Q9RZZ1"	"PAPER + UNIPROT FROM GENE TO PROTEIN + BLAST"	"NP_051496.2"
"B. burgdorferi"	"BB_Q40"	"PAPER"	"PMID: 18474646"	"H7C7P5"	"PAPER + UNIPROT FROM GENE TO PROTEIN + BLAST"	"NP_051502.1"
"B. burgdorferi"	"BB_Q42"	"PAPER"	"PMID: 18474646"	"H7C7P9"	"PAPER + UNIPROT FROM GENE TO PROTEIN + BLAST"	"NP_051504.1"
"B. burgdorferi"	"BB_A03"	"PAPER"	"PMID: 18976702"	"Q44849"	"PAPER + UNIPROT FROM GENE TO PROTEIN + BLAST"	"NP_045676.1"
"B. burgdorferi"	"BB_A04"	"PAPER"	"PMID: 18976702"	"O50898"	"PAPER + UNIPROT FROM GENE TO PROTEIN + BLAST"	"NP_045677.1"
"B. burgdorferi"	"BB_A05"	"PAPER"	"PMID: 18976702"	"O50899"	"PAPER + UNIPROT FROM GENE TO PROTEIN + BLAST"	"NP_045678.1"
"B. burgdorferi"	"BB_A16"	"PAPER"	"PMID: 18976702"	"P17739"	"PAPER + UNIPROT FROM GENE TO PROTEIN + BLAST"	"NP_045689.2"
"B. burgdorferi"	"BB_A24"	"PAPER"	"PMID: 18976702"	"O50917"	"PAPER + UNIPROT FROM GENE TO PROTEIN + BLAST"	"NP_045697.1"
"B. burgdorferi"	"BB_A25"	"PAPER"	"PMID: 18976702"	"P0CL68"	"PAPER + UNIPROT FROM GENE TO PROTEIN + BLAST"	"NP_045698.1"
"B. burgdorferi"	"BB_A36"	"PAPER"	"PMID: 18976702"	"O50929"	"PAPER + UNIPROT FROM GENE TO PROTEIN + BLAST"	"NP_045709.2"
"B. burgdorferi"	"BB_A52"	"PAPER"	"PMID: 18976702"	"Q44845"	"PAPER + UNIPROT FROM GENE TO PROTEIN + BLAST"	"NP_045725.1"
"B. burgdorferi"	"BB_A59"	"PAPER"	"PMID: 18976702"	"H7C7K6"	"PAPER + UNIPROT FROM GENE TO PROTEIN + BLAST"	"NP_045732.1"
"B. burgdorferi"	"BB_A60"	"PAPER"	"PMID: 18976702"	"O50951"	"PAPER + UNIPROT FROM GENE TO PROTEIN + BLAST"	"NP_045733.1"
"B. burgdorferi"	"BB_A64"	"PAPER"	"PMID: 18976702"	"H7C7P4"	"PAPER + UNIPROT FROM GENE TO PROTEIN + BLAST"	"NP_045737.2"
"B. burgdorferi"	"BB_A66"	"PAPER"	"PMID: 18976702"	"O50955"	"PAPER + UNIPROT FROM GENE TO PROTEIN + BLAST"	"NP_045739.1"
"B. burgdorferi"	"BB_C06"	"PAPER"	"PMID: 18976702"	"H7C7L7"	"PAPER + UNIPROT FROM GENE TO PROTEIN + BLAST"	"NP_047021.1"
"B. burgdorferi"	"BB_E09"	"PAPER"	"PMID: 18976702"	"O50705"	"PAPER + UNIPROT FROM GENE TO PROTEIN + BLAST"	"NP_045416.1"
"B. burgdorferi"	"BB_E31"	"PAPER"	"PMID: 18976702"	"O50725"	"PAPER + UNIPROT FROM GENE TO PROTEIN + BLAST"	"NP_045436.1"
"B. burgdorferi"	"BB_G22"	"PAPER"	"PMID: 18976702"	"O50745"	"PAPER + UNIPROT FROM GENE TO PROTEIN + BLAST"	"NP_045482.1"
"B. burgdorferi"	"BB_G23"	"PAPER"	"PMID: 18976702"	"O50746"	"PAPER + UNIPROT FROM GENE TO PROTEIN + BLAST"	"NP_045483.1"
"B. burgdorferi"	"BB_H32"	"PAPER"	"PMID: 18976702"	"O50687"	"PAPER + UNIPROT FROM GENE TO PROTEIN + BLAST"	"NP_045522.1"
"B. burgdorferi"	"BB_I36"	"PAPER"	"PMID: 18976702"	"O50889"	"PAPER + UNIPROT FROM GENE TO PROTEIN + BLAST"	"NP_045567.1"
"B. burgdorferi"	"BB_I36"	"PAPER"	"PMID: 18976702"	"O50889"	"PAPER + UNIPROT FROM GENE TO PROTEIN + BLAST"	"NP_045569.1"
"B. burgdorferi"	"BB_I42"	"PAPER"	"PMID: 18976702"	"O50894"	"PAPER + UNIPROT FROM GENE TO PROTEIN + BLAST"	"NP_045573.1"
"B. burgdorferi"	"BB_J09"	"PAPER"	"PMID: 18976702"	"H7C7Q2"	"PAPER + UNIPROT FROM GENE TO PROTEIN + BLAST"	"NP_045633.1"
"B. burgdorferi"	"BB_J19"	"PAPER"	"PMID: 18976702"	"O50774"	"PAPER + UNIPROT FROM GENE TO PROTEIN + BLAST"	"NP_045643.1"
"B. burgdorferi"	"BB_J41"	"PAPER"	"PMID: 18976702"	"O50796"	"PAPER + UNIPROT FROM GENE TO PROTEIN + BLAST"	"NP_045665.1"
"B. burgdorferi"	"BB_J41"	"PAPER"	"PMID: 18976702"	"O50796"	"PAPER + UNIPROT FROM GENE TO PROTEIN + BLAST"	"NP_045570.1"
"B. burgdorferi"	"BB_K32"	"PAPER"	"PMID: 18976702"	"O50835"	"PAPER + UNIPROT FROM GENE TO PROTEIN + BLAST"	"NP_045605.1"
"B. burgdorferi"	"BB_K45"	"PAPER"	"PMID: 18976702"	"O50846"	"PAPER + UNIPROT FROM GENE TO PROTEIN + BLAST"	"NP_045617.2"
"B. burgdorferi"	"BB_K48"	"PAPER"	"PMID: 18976702"	"O50848"	"PAPER + UNIPROT FROM GENE TO PROTEIN + BLAST"	"NP_045619.1"
"B. burgdorferi"	"BB_K50"	"PAPER"	"PMID: 18976702"	"O50850"	"PAPER + UNIPROT FROM GENE TO PROTEIN + BLAST"	"NP_045621.1"
"B. burgdorferi"	"BB_K52"	"PAPER"	"PMID: 18976702"	"O50852"	"PAPER + UNIPROT FROM GENE TO PROTEIN + BLAST"	"NP_045623.1"
"B. burgdorferi"	"BB_K53"	"PAPER"	"PMID: 18976702"	"O50853"	"PAPER + UNIPROT FROM GENE TO PROTEIN + BLAST"	"NP_045624.1"
"B. burgdorferi"	"BB_L28"	"PAPER"	"PMID: 18976702"	"Q9S069"	"PAPER + UNIPROT FROM GENE TO PROTEIN + BLAST"	"NP_051405.1"
"B. burgdorferi"	"BB_M28"	"PAPER"	"PMID: 18976702"	"Q9S0B7"	"PAPER + UNIPROT FROM GENE TO PROTEIN + BLAST"	"NP_051319.1"
"B. burgdorferi"	"BB_M38"	"PAPER"	"PMID: 18976702"	"H7C7L4"	"PAPER + UNIPROT FROM GENE TO PROTEIN + BLAST"	"NP_051329.2"
"B. burgdorferi"	"BB_N26"	"PAPER"	"PMID: 18976702"	"H7C7N7"	"PAPER + UNIPROT FROM GENE TO PROTEIN + BLAST"	"NP_051439.2"
"B. burgdorferi"	"BB_N26"	"PAPER"	"PMID: 18976702"	"H7C7N7"	"PAPER + UNIPROT FROM GENE TO PROTEIN + BLAST"	"NP_051495.2"
"B. burgdorferi"	"BB_N26"	"PAPER"	"PMID: 18976702"	"H7C7N7"	"PAPER + UNIPROT FROM GENE TO PROTEIN + BLAST"	"NP_051317.2"
"B. burgdorferi"	"BB_N26"	"PAPER"	"PMID: 18976702"	"H7C7N7"	"PAPER + UNIPROT FROM GENE TO PROTEIN + BLAST"	"NP_051359.1"
"B. burgdorferi"	"BB_N26"	"PAPER"	"PMID: 18976702"	"H7C7N7"	"PAPER + UNIPROT FROM GENE TO PROTEIN + BLAST"	"NP_051403.2"
"B. burgdorferi"	"BB_N26"	"PAPER"	"PMID: 18976702"	"H7C7N7"	"PAPER + UNIPROT FROM GENE TO PROTEIN + BLAST"	"NP_051273.2"
"B. burgdorferi"	"BB_N28"	"PAPER"	"PMID: 18976702"	"Q9S043"	"PAPER + UNIPROT FROM GENE TO PROTEIN + BLAST"	"NP_051441.1"
"B. burgdorferi"	"BB_N38"	"PAPER"	"PMID: 18976702"	"Q9S036"	"PAPER + UNIPROT FROM GENE TO PROTEIN + BLAST"	"NP_051449.1"
"B. burgdorferi"	"BB_N39"	"PAPER"	"PMID: 18976702"	"Q9S035"	"PAPER + UNIPROT FROM GENE TO PROTEIN + BLAST"	"NP_051450.1"
"B. burgdorferi"	"BB_O28"	"PAPER"	"PMID: 18976702"	"Q9S083"	"PAPER + UNIPROT FROM GENE TO PROTEIN + BLAST"	"NP_051361.1"
"B. burgdorferi"	"BB_O39"	"PAPER"	"PMID: 18976702"	"H7C7M3"	"PAPER + UNIPROT FROM GENE TO PROTEIN + BLAST"	"NP_051372.1"
"B. burgdorferi"	"BB_O40"	"PAPER"	"PMID: 18976702"	"H7C7M1"	"PAPER + UNIPROT FROM GENE TO PROTEIN + BLAST"	"NP_051373.1"
"B. burgdorferi"	"BB_P28"	"PAPER"	"PMID: 18976702"	"H7C7P1"	"PAPER + UNIPROT FROM GENE TO PROTEIN + BLAST"	"NP_051189.1"
"B. burgdorferi"	"BB_P38"	"PAPER"	"PMID: 18976702"	"G8JZS0"	"PAPER + UNIPROT FROM GENE TO PROTEIN + BLAST"	"NP_051199.2"
"B. burgdorferi"	"BB_P38"	"PAPER"	"PMID: 18976702"	"G8JZS0"	"PAPER + UNIPROT FROM GENE TO PROTEIN + BLAST"	"NP_051416.2"
"B. burgdorferi"	"BB_Q03"	"PAPER"	"PMID: 18976702"	"Q9S013"	"PAPER + UNIPROT FROM GENE TO PROTEIN + BLAST"	"NP_051468.1"
"B. burgdorferi"	"BB_Q35"	"PAPER"	"PMID: 18976702"	"Q9RZZ0"	"PAPER + UNIPROT FROM GENE TO PROTEIN + BLAST"	"NP_051497.1"
"B. burgdorferi"	"BB_Q47"	"PAPER"	"PMID: 18976702"	"H7C7L6"	"PAPER + UNIPROT FROM GENE TO PROTEIN + BLAST"	"NP_051509.1"
"B. burgdorferi"	"BB_R28"	"PAPER"	"PMID: 18976702"	"Q9S0E8"	"PAPER + UNIPROT FROM GENE TO PROTEIN + BLAST"	"NP_051275.1"
"B. burgdorferi"	"BB_R42"	"PAPER"	"PMID: 18976702"	"Q9S0D9"	"PAPER + UNIPROT FROM GENE TO PROTEIN + BLAST"	"NP_051288.1"
"B. burgdorferi"	"BB_S30"	"PAPER"	"PMID: 18976702"	"Q9S0H7"	"PAPER + UNIPROT FROM GENE TO PROTEIN + BLAST"	"NP_051233.1"
"B. burgdorferi"	"BB_S41"	"PAPER"	"PMID: 18976702"	"H7C7N9"	"PAPER + UNIPROT FROM GENE TO PROTEIN + BLAST"	"NP_051244.1"
"B. burgdorferi"	"OspA"	"PAPER"	"PMID: 25368412"	"B7J2K5"	"PAPER + UNIPROT FROM GENE TO PROTEIN + BLAST"	"NP_212783.1"
"B. burgdorferi"	"OspA"	"PAPER"	"PMID: 25368412"	"B7J282"	"PAPER + UNIPROT FROM GENE TO PROTEIN + BLAST"	"NP_212652.1"
"B. burgdorferi"	"OspC"	"PAPER"	"PMID: 25368412"	"P0CL64"	"PAPER + UNIPROT FROM GENE TO PROTEIN + BLAST"	"NP_047004.2"
"B. burgdorferi"	"OspC"	"PAPER"	"PMID: 25368412"	"Q1W5L8"	"PAPER + UNIPROT FROM GENE TO PROTEIN + BLAST"	"NP_045492.1"
"B. burgdorferi"	"OspC"	"PAPER"	"PMID: 25368412"	"Q1W5Q9"	"PAPER + UNIPROT FROM GENE TO PROTEIN + BLAST"	"NP_212216.1"
"B. burgdorferi"	"OspC"	"PAPER"	"PMID: 25368412"	"Q1W5N8"	"PAPER + UNIPROT FROM GENE TO PROTEIN + BLAST"	"NP_045424.2"
"B. burgdorferi"	"OspC"	"PAPER"	"PMID: 25368412"	"Q1PHL0"	"PAPER + UNIPROT FROM GENE TO PROTEIN + BLAST"	"NP_045642.1"
"B. burgdorferi"	"OspC"	"PAPER"	"PMID: 25368412"	"B9A0N3"	"PAPER + UNIPROT FROM GENE TO PROTEIN + BLAST"	"NP_045398.1"
"B. burgdorferi"	"OspC"	"PAPER"	"PMID: 25368412"	"Q66YI1"	"PAPER + UNIPROT FROM GENE TO PROTEIN + BLAST"	"NP_047017.1"
"B. burgdorferi"	"OspF"	"PAPER"	"PMID: 25368412"	"O86122"	"PAPER + UNIPROT FROM GENE TO PROTEIN + BLAST"	"NP_051371.1"
"B. burgdorferi"	"OspF"	"PAPER"	"PMID: 25368412"	"O86122"	"PAPER + UNIPROT FROM GENE TO PROTEIN + BLAST"	"NP_051328.1"
"B. burgdorferi"	"OspF"	"PAPER"	"PMID: 25368412"	"O86112"	"PAPER + UNIPROT FROM GENE TO PROTEIN + BLAST"	"NP_051507.1"
"B. burgdorferi"	"OspF"	"PAPER"	"PMID: 25368412"	"O86113"	"PAPER + UNIPROT FROM GENE TO PROTEIN + BLAST"	"NP_051245.1"
"B. burgdorferi"	"vlsE"	"PAPER"	"PMID: PMC85865"	"D3J407"	"PAPER + UNIPROT FROM GENE TO PROTEIN + BLAST"	"NP_212168.1"
"B. melitensis"	"F8WJX2"	"IEDB"	""	""	""	"F8WJX2"
"B. melitensis"	"P0A3S7"	"IEDB"	""	""	""	"P0A3S7"
"B. melitensis"	"P0A3U8"	"IEDB"	""	""	""	"P0A3U8"
"B. melitensis"	"Q8YEI8"	"IEDB"	""	""	""	"Q8YEI8"
"B. melitensis"	"Q8YFT1"	"IEDB"	""	""	""	"Q8YFT1"
"B. melitensis"	"Q8YG32"	"IEDB"	""	""	""	"Q8YG32"
"B. melitensis"	"Q8YGU7"	"IEDB"	""	""	""	"Q8YGU7"
"B. melitensis"	"Q8YHI8"	"IEDB"	""	""	""	"Q8YHI8"
"B. melitensis"	"Q8YIE1"	"IEDB"	""	""	""	"Q8YIE1"
"B. melitensis"	"Q8YIW5"	"IEDB"	""	""	""	"Q8YIW5"
"B. melitensis"	"Q8YJ58"	"IEDB"	""	""	""	"Q8YJ58"
"B. melitensis"	"Q8YJP3"	"IEDB"	""	""	""	"Q8YJP3"
"B. melitensis"	"Q9RPX7"	"IEDB"	""	""	""	"Q9RPX7"
"C. burnetii"	"CBU0008"	"PAPER"	"PMID: 18845831"	"Q83FD2"	"PAPER + UNIPROT FROM GENE TO PROTEIN + BLAST"	"NP_819064.1"
"C. burnetii"	"CBU0098"	"PAPER"	"PMID: 18845831"	"Q83F51"	"PAPER + UNIPROT FROM GENE TO PROTEIN + BLAST"	"NP_819150.1"
"C. burnetii"	"CBU0307"	"PAPER"	"PMID: 18845831"	"Q83EL2"	"PAPER + UNIPROT FROM GENE TO PROTEIN + BLAST"	"NP_819350.1"
"C. burnetii"	"CBU0366"	"PAPER"	"PMID: 18845831"	"Q83EF7"	"PAPER + UNIPROT FROM GENE TO PROTEIN + BLAST"	"NP_819406.1"
"C. burnetii"	"CBU0383"	"PAPER"	"PMID: 18845831"	"Q83EE1"	"PAPER + UNIPROT FROM GENE TO PROTEIN + BLAST"	"NP_819422.2"
"C. burnetii"	"CBU0391"	"PAPER"	"PMID: 18845831"	"Q83ED4"	"PAPER + UNIPROT FROM GENE TO PROTEIN + BLAST"	"NP_819430.2"
"C. burnetii"	"CBU0545"	"PAPER"	"PMID: 18845831"	"Q83DZ3"	"PAPER + UNIPROT FROM GENE TO PROTEIN + BLAST"	"NP_819577.2"
"C. burnetii"	"CBU0609"	"PAPER"	"PMID: 18845831"	"Q83DT3"	"PAPER + UNIPROT FROM GENE TO PROTEIN + BLAST"	"NP_819639.1"
"C. burnetii"	"CBU0664"	"PAPER"	"PMID: 18845831"	"Q81ZP4"	"PAPER + UNIPROT FROM GENE TO PROTEIN + BLAST"	"NP_819694.1"
"C. burnetii"	"CBU0718"	"PAPER"	"PMID: 18845831"	"Q83DK8"	"PAPER + UNIPROT FROM GENE TO PROTEIN + BLAST"	"NP_819746.1"
"C. burnetii"	"CBU0754"	"PAPER"	"PMID: 18845831"	"Q83DH7"	"PAPER + UNIPROT FROM GENE TO PROTEIN + BLAST"	"NP_819780.1"
"C. burnetii"	"CBU0760"	"PAPER"	"PMID: 18845831"	"Q83DH3"	"PAPER + UNIPROT FROM GENE TO PROTEIN + BLAST"	"NP_819784.1"
"C. burnetii"	"CBU0774"	"PAPER"	"PMID: 18845831"	"Q83DG2"	"PAPER + UNIPROT FROM GENE TO PROTEIN + BLAST"	"NP_819796.1"
"C. burnetii"	"CBU0776"	"PAPER"	"PMID: 18845831"	"Q83DG0"	"PAPER + UNIPROT FROM GENE TO PROTEIN + BLAST"	"NP_819798.1"
"C. burnetii"	"CBU0781"	"PAPER"	"PMID: 18845831"	"Q83DF6"	"PAPER + UNIPROT FROM GENE TO PROTEIN + BLAST"	"NP_819802.1"
"C. burnetii"	"CBU0800"	"PAPER"	"PMID: 18845831"	"Q83DD8"	"PAPER + UNIPROT FROM GENE TO PROTEIN + BLAST"	"NP_819820.1"
"C. burnetii"	"CBU0891"	"PAPER"	"PMID: 18845831"	"Q83D52"	"PAPER + UNIPROT FROM GENE TO PROTEIN + BLAST"	"NP_819907.1"
"C. burnetii"	"CBU0898"	"PAPER"	"PMID: 18845831"	"Q83D46"	"PAPER + UNIPROT FROM GENE TO PROTEIN + BLAST"	"NP_819913.1"
"C. burnetii"	"CBU0935"	"PAPER"	"PMID: 18845831"	"Q83D11"	"PAPER + UNIPROT FROM GENE TO PROTEIN + BLAST"	"NP_819948.1"
"C. burnetii"	"CBU0968"	"PAPER"	"PMID: 18845831"	"Q83CY3"	"PAPER + UNIPROT FROM GENE TO PROTEIN + BLAST"	"NP_819976.1"
"C. burnetii"	"CBU1002"	"PAPER"	"PMID: 18845831"	"Q83CV0"	"PAPER + UNIPROT FROM GENE TO PROTEIN + BLAST"	"NP_820009.1"
"C. burnetii"	"CBU1065"	"PAPER"	"PMID: 18845831"	"Q83CP4"	"PAPER + UNIPROT FROM GENE TO PROTEIN + BLAST"	"NP_820065.1"
"C. burnetii"	"CBU1098"	"PAPER"	"PMID: 18845831"	"Q83CL6"	"PAPER + UNIPROT FROM GENE TO PROTEIN + BLAST"	"NP_820097.1"
"C. burnetii"	"CBU1115"	"PAPER"	"PMID: 18845831"	"Q83CK0"	"PAPER + UNIPROT FROM GENE TO PROTEIN + BLAST"	"NP_820114.1"
"C. burnetii"	"CBU1121"	"PAPER"	"PMID: 18845831"	"Q83CJ4"	"PAPER + UNIPROT FROM GENE TO PROTEIN + BLAST"	"NP_820120.1"
"C. burnetii"	"CBU1143"	"PAPER"	"PMID: 18845831"	"Q83CH2"	"PAPER + UNIPROT FROM GENE TO PROTEIN + BLAST"	"NP_820142.1"
"C. burnetii"	"CBU1157"	"PAPER"	"PMID: 18845831"	"Q83CG1"	"PAPER + UNIPROT FROM GENE TO PROTEIN + BLAST"	"NP_820154.1"
"C. burnetii"	"CBU1184"	"PAPER"	"PMID: 18845831"	"Q83CD6"	"PAPER + UNIPROT FROM GENE TO PROTEIN + BLAST"	"NP_820179.1"
"C. burnetii"	"CBU1249"	"PAPER"	"PMID: 18845831"	"Q83C79"	"PAPER + UNIPROT FROM GENE TO PROTEIN + BLAST"	"NP_820244.1"
"C. burnetii"	"CBU1398"	"PAPER"	"PMID: 18845831"	"Q83BU7"	"PAPER + UNIPROT FROM GENE TO PROTEIN + BLAST"	"NP_820383.1"
"C. burnetii"	"CBU1697"	"PAPER"	"PMID: 18845831"	"Q83B22"	"PAPER + UNIPROT FROM GENE TO PROTEIN + BLAST"	"NP_820678.1"
"C. burnetii"	"CBU1835"	"PAPER"	"PMID: 18845831"	"Q83AP6"	"PAPER + UNIPROT FROM GENE TO PROTEIN + BLAST"	"NP_820814.1"
"C. burnetii"	"CBU1853"	"PAPER"	"PMID: 18845831"	"Q83AN0"	"PAPER + UNIPROT FROM GENE TO PROTEIN + BLAST"	"NP_820830.1"
"C. burnetii"	"CBU1865"	"PAPER"	"PMID: 18845831"	"Q83AL8"	"PAPER + UNIPROT FROM GENE TO PROTEIN + BLAST"	"NP_820842.2"
"C. burnetii"	"CBU1869"	"PAPER"	"PMID: 18845831"	"Q83AL4"	"PAPER + UNIPROT FROM GENE TO PROTEIN + BLAST"	"NP_820846.1"
"C. burnetii"	"CBU1940"	"PAPER"	"PMID: 18845831"	"Q83AG0"	"PAPER + UNIPROT FROM GENE TO PROTEIN + BLAST"	"NP_820916.1"
"C. burnetii"	"CBU1966"	"PAPER"	"PMID: 18845831"	"P47846"	"PAPER + UNIPROT FROM GENE TO PROTEIN + BLAST"	"NP_820941.1"
"C. burnetii"	"CBU1967"	"PAPER"	"PMID: 18845831"	"Q83AD7"	"PAPER + UNIPROT FROM GENE TO PROTEIN + BLAST"	"NP_820942.1"
"C. burnetii"	"CBU1969"	"PAPER"	"PMID: 18845831"	"Q83AD5"	"PAPER + UNIPROT FROM GENE TO PROTEIN + BLAST"	"NP_820944.1"
"C. burnetii"	"CBU2020"	"PAPER"	"PMID: 18845831"	"Q83A87"	"PAPER + UNIPROT FROM GENE TO PROTEIN + BLAST"	"NP_820994.1"
"C. burnetii"	"CBU2065"	"PAPER"	"PMID: 18845831"	"Q83A45"	"PAPER + UNIPROT FROM GENE TO PROTEIN + BLAST"	"NP_821036.1"
"C. burnetii"	"CBU0021"	"PAPER"	"PMID: 21817167"	"Q83FB9"	"PAPER + UNIPROT FROM GENE TO PROTEIN + BLAST"	"NP_819077.1"
"C. burnetii"	"CBU0109"	"PAPER"	"PMID: 21817167"	"Q83F42"	"PAPER + UNIPROT FROM GENE TO PROTEIN + BLAST"	"NP_819159.1"
"C. burnetii"	"CBU0225"	"PAPER"	"PMID: 21817167"	"A0A0M4P9F8"	"PAPER + UNIPROT FROM GENE TO PROTEIN + BLAST"	"NP_819269.2"
"C. burnetii"	"CBU0231"	"PAPER"	"PMID: 21817167"	"A0A0M4PY82"	"PAPER + UNIPROT FROM GENE TO PROTEIN + BLAST"	"NP_819275.2"
"C. burnetii"	"CBU0398"	"PAPER"	"PMID: 21817167"	"Q83EC7"	"PAPER + UNIPROT FROM GENE TO PROTEIN + BLAST"	"NP_819437.1"
"C. burnetii"	"CBU0462"	"PAPER"	"PMID: 21817167"	"Q83E68"	"PAPER + UNIPROT FROM GENE TO PROTEIN + BLAST"	"NP_819498.1"
"C. burnetii"	"CBU0498"	"PAPER"	"PMID: 21817167"	"Q83E36"	"PAPER + UNIPROT FROM GENE TO PROTEIN + BLAST"	"NP_819532.1"
"C. burnetii"	"CBU0532"	"PAPER"	"PMID: 21817167"	"Q83E05"	"PAPER + UNIPROT FROM GENE TO PROTEIN + BLAST"	"NP_819564.2"
"C. burnetii"	"CBU0615"	"PAPER"	"PMID: 21817167"	"Q820W6"	"PAPER + UNIPROT FROM GENE TO PROTEIN + BLAST"	"NP_819645.1"
"C. burnetii"	"CBU0753"	"PAPER"	"PMID: 21817167"	"Q83DH8"	"PAPER + UNIPROT FROM GENE TO PROTEIN + BLAST"	"NP_819779.1"
"C. burnetii"	"CBU0803"	"PAPER"	"PMID: 21817167"	"Q83DD5"	"PAPER + UNIPROT FROM GENE TO PROTEIN + BLAST"	"NP_819823.1"
"C. burnetii"	"CBU0952"	"PAPER"	"PMID: 21817167"	"Q83CZ8"	"PAPER + UNIPROT FROM GENE TO PROTEIN + BLAST"	"NP_819961.1"
"C. burnetii"	"CBU1079"	"PAPER"	"PMID: 21817167"	"Q83CN2"	"PAPER + UNIPROT FROM GENE TO PROTEIN + BLAST"	"NP_820078.1"
"C. burnetii"	"CBU1099"	"PAPER"	"PMID: 21817167"	"Q83CL5"	"PAPER + UNIPROT FROM GENE TO PROTEIN + BLAST"	"NP_820098.1"
"C. burnetii"	"CBU1123"	"PAPER"	"PMID: 21817167"	"Q83CJ2"	"PAPER + UNIPROT FROM GENE TO PROTEIN + BLAST"	"NP_820122.2"
"C. burnetii"	"CBU1263"	"PAPER"	"PMID: 21817167"	"Q83C66"	"PAPER + UNIPROT FROM GENE TO PROTEIN + BLAST"	"NP_820257.1"
"C. burnetii"	"CBU1386"	"PAPER"	"PMID: 21817167"	"Q9X5U8"	"PAPER + UNIPROT FROM GENE TO PROTEIN + BLAST"	"NP_820375.2"
"C. burnetii"	"CBU1429"	"PAPER"	"PMID: 21817167"	"Q83BS3"	"PAPER + UNIPROT FROM GENE TO PROTEIN + BLAST"	"NP_820413.1"
"C. burnetii"	"CBU1444"	"PAPER"	"PMID: 21817167"	"Q83BQ9"	"PAPER + UNIPROT FROM GENE TO PROTEIN + BLAST"	"NP_820427.1"
"C. burnetii"	"CBU1470"	"PAPER"	"PMID: 21817167"	"Q83BN3"	"PAPER + UNIPROT FROM GENE TO PROTEIN + BLAST"	"NP_820453.1"
"C. burnetii"	"CBU1480"	"PAPER"	"PMID: 21817167"	"Q83BM3"	"PAPER + UNIPROT FROM GENE TO PROTEIN + BLAST"	"NP_820463.1"
"C. burnetii"	"CBU1513"	"PAPER"	"PMID: 21817167"	"Q83BJ5"	"PAPER + UNIPROT FROM GENE TO PROTEIN + BLAST"	"NP_820496.1"
"C. burnetii"	"CBU1519"	"PAPER"	"PMID: 21817167"	"Q83BI9"	"PAPER + UNIPROT FROM GENE TO PROTEIN + BLAST"	"NP_820502.1"
"C. burnetii"	"CBU1578"	"PAPER"	"PMID: 21817167"	"Q83BD3"	"PAPER + UNIPROT FROM GENE TO PROTEIN + BLAST"	"NP_820561.1"
"C. burnetii"	"CBU1586"	"PAPER"	"PMID: 21817167"	"Q83BC5"	"PAPER + UNIPROT FROM GENE TO PROTEIN + BLAST"	"NP_820569.1"
"C. burnetii"	"CBU1627"	"PAPER"	"PMID: 21817167"	"Q83B86"	"PAPER + UNIPROT FROM GENE TO PROTEIN + BLAST"	"NP_820609.2"
"C. burnetii"	"CBU1644"	"PAPER"	"PMID: 21817167"	"Q83B71"	"PAPER + UNIPROT FROM GENE TO PROTEIN + BLAST"	"NP_820626.1"
"C. burnetii"	"CBU1652"	"PAPER"	"PMID: 21817167"	"Q83B63"	"PAPER + UNIPROT FROM GENE TO PROTEIN + BLAST"	"NP_820634.1"
"C. burnetii"	"CBU1719"	"PAPER"	"PMID: 21817167"	"P19422"	"PAPER + UNIPROT FROM GENE TO PROTEIN + BLAST"	"YP_009001906.1"
"C. burnetii"	"CBU1725"	"PAPER"	"PMID: 21817167"	"Q83B00"	"PAPER + UNIPROT FROM GENE TO PROTEIN + BLAST"	"NP_820706.1"
"C. burnetii"	"CBU1752"	"PAPER"	"PMID: 21817167"	"Q83AX5"	"PAPER + UNIPROT FROM GENE TO PROTEIN + BLAST"	"NP_820732.1"
"C. burnetii"	"CBU1778"	"PAPER"	"PMID: 21817167"	"Q83AV0"	"PAPER + UNIPROT FROM GENE TO PROTEIN + BLAST"	"NP_820758.1"
"C. burnetii"	"CBU1810"	"PAPER"	"PMID: 21817167"	"Q83AS0"	"PAPER + UNIPROT FROM GENE TO PROTEIN + BLAST"	"NP_820789.1"
"C. burnetii"	"CBU1863"	"PAPER"	"PMID: 21817167"	"Q83AM0"	"PAPER + UNIPROT FROM GENE TO PROTEIN + BLAST"	"NP_820840.1"
"C. burnetii"	"CBU2029"	"PAPER"	"PMID: 21817167"	"Q83A79"	"PAPER + UNIPROT FROM GENE TO PROTEIN + BLAST"	"NP_821002.1"
"C. burnetii"	"CBU2056"	"PAPER"	"PMID: 21817167"	"Q83A54"	"PAPER + UNIPROT FROM GENE TO PROTEIN + BLAST"	"NP_821027.2"
"C. burnetii"	"CBU2073"	"PAPER"	"PMID: 21817167"	"Q83A38"	"PAPER + UNIPROT FROM GENE TO PROTEIN + BLAST"	"NP_821043.1"
"C. burnetii"	"CBU2077"	"PAPER"	"PMID: 21817167"	"Q83A34"	"PAPER + UNIPROT FROM GENE TO PROTEIN + BLAST"	"NP_821047.1"
"C. burnetii"	"CBU0092"	"PAPER"	"PMID: 22420424"	"Q83F57"	"PAPER + UNIPROT FROM GENE TO PROTEIN + BLAST"	"NP_819144.2"
"C. burnetii"	"CBU0229"	"PAPER"	"PMID: 22420424"	"A0A0M4PLT0"	"PAPER + UNIPROT FROM GENE TO PROTEIN + BLAST"	"NP_819273.1"
"C. burnetii"	"CBU0612"	"PAPER"	"PMID: 22420424"	"Q83DT1"	"PAPER + UNIPROT FROM GENE TO PROTEIN + BLAST"	"YP_009046859.1"
"C. burnetii"	"CBU0630"	"PAPER"	"PMID: 22420424"	"P51752"	"PAPER + UNIPROT FROM GENE TO PROTEIN + BLAST"	"NP_819660.1"
"C. burnetii"	"CBU1290"	"PAPER"	"PMID: 22420424"	"O87712"	"PAPER + UNIPROT FROM GENE TO PROTEIN + BLAST"	"NP_820282.1"
"C. burnetii"	"CBU1718"	"PAPER"	"PMID: 22420424"	"P19421"	"PAPER + UNIPROT FROM GENE TO PROTEIN + BLAST"	"NP_820699.1"
"C. burnetii"	"CBU1910"	"PAPER"	"PMID: 22420424"	"H7C7D7"	"PAPER + UNIPROT FROM GENE TO PROTEIN + BLAST"	"NP_820887.1"
"C. burnetii"	"CBU0053"	"PAPER"	"PMID: 23633077"	"Q83F95"	"PAPER + UNIPROT FROM GENE TO PROTEIN + BLAST"	"NP_819106.1"
"C. burnetii"	"CBU0147"	"PAPER"	"PMID: 23633077"	"Q83F06"	"PAPER + UNIPROT FROM GENE TO PROTEIN + BLAST"	"NP_819197.2"
"C. burnetii"	"CBU0201"	"PAPER"	"PMID: 23633077"	"A0A0M5LHL4"	"PAPER + UNIPROT FROM GENE TO PROTEIN + BLAST"	"NP_819247.1"
"C. burnetii"	"CBU0447"	"PAPER"	"PMID: 23633077"	"Q83E81"	"PAPER + UNIPROT FROM GENE TO PROTEIN + BLAST"	"NP_819484.1"
"C. burnetii"	"CBU0712"	"PAPER"	"PMID: 23633077"	"Q83DL2"	"PAPER + UNIPROT FROM GENE TO PROTEIN + BLAST"	"NP_819741.1"
"C. burnetii"	"CBU0853"	"PAPER"	"PMID: 23633077"	"Q83D86"	"PAPER + UNIPROT FROM GENE TO PROTEIN + BLAST"	"NP_819873.2"
"C. burnetii"	"CBU0884"	"PAPER"	"PMID: 23633077"	"Q83D58"	"PAPER + UNIPROT FROM GENE TO PROTEIN + BLAST"	"NP_819901.1"
"C. burnetii"	"CBU1190"	"PAPER"	"PMID: 23633077"	"P39917"	"PAPER + UNIPROT FROM GENE TO PROTEIN + BLAST"	"NP_820185.1"
"C. burnetii"	"CBU1477"	"PAPER"	"PMID: 23633077"	"Q83BM6"	"PAPER + UNIPROT FROM GENE TO PROTEIN + BLAST"	"NP_820460.1"
"C. burnetii"	"CBU1632"	"PAPER"	"PMID: 23633077"	"Q83B81"	"PAPER + UNIPROT FROM GENE TO PROTEIN + BLAST"	"NP_820614.1"
"C. burnetii"	"CBU1738"	"PAPER"	"PMID: 23633077"	"Q83AY8"	"PAPER + UNIPROT FROM GENE TO PROTEIN + BLAST"	"NP_820718.1"
"C. burnetii"	"CBU1987"	"PAPER"	"PMID: 23633077"	"Q83AB7"	"PAPER + UNIPROT FROM GENE TO PROTEIN + BLAST"	"NP_820962.1"
"C. burnetii"	"CBU0311"	"PAPER"	"PMID: PMC2916703"	"Q83EK8"	"PAPER + UNIPROT FROM GENE TO PROTEIN + BLAST"	"NP_819354.2"
"C. burnetii"	"CBU0395"	"PAPER"	"PMID: PMC2916703"	"Q83ED0"	"PAPER + UNIPROT FROM GENE TO PROTEIN + BLAST"	"NP_819434.1"
"C. burnetii"	"CBU1221"	"PAPER"	"PMID: PMC2916703"	"Q83CA7"	"PAPER + UNIPROT FROM GENE TO PROTEIN + BLAST"	"NP_820216.1"
"C. burnetii"	"CBU1716"	"PAPER"	"PMID: PMC2916703"	"Q83B06"	"PAPER + UNIPROT FROM GENE TO PROTEIN + BLAST"	"NP_820697.2"
"E. coli"	"D0Z6T1"	"IEDB"	""	""	"IEDB + MANUAL MAPPING VIA UNIPROT"	"D0Z6T1"
"E. coli"	"D0Z6U1"	"IEDB"	""	""	"IEDB + MANUAL MAPPING VIA UNIPROT"	"D0Z6U1"
"E. coli"	"P06959"	"IEDB"	""	""	"IEDB + MANUAL MAPPING VIA UNIPROT"	"E3PCG5"
"E. coli"	"P08622"	"IEDB"	""	""	"IEDB + MANUAL MAPPING VIA UNIPROT"	"E3PBA4"
"E. coli"	"P0A6F5"	"IEDB"	""	""	"IEDB + MANUAL MAPPING VIA UNIPROT"	"E3PDA1"
"E. coli"	"P0A6G7"	"IEDB"	""	""	"IEDB + MANUAL MAPPING VIA UNIPROT"	"E3PFQ3"
"E. coli"	"P42588"	"IEDB"	""	""	"IEDB + MANUAL MAPPING VIA UNIPROT"	"E3PJY7"
"F. tularensis"	"FTT_0077"	"PAPER"	"PMID: 17533643"	"Q5NIJ0"	"PAPER + UNIPROT FROM GENE TO PROTEIN + BLAST"	"YP_169152.1"
"F. tularensis"	"FTT_0101"	"PAPER"	"PMID: 17533643"	"Q5NIH0"	"PAPER + UNIPROT FROM GENE TO PROTEIN + BLAST"	"YP_169172.1"
"F. tularensis"	"FTT_0472"	"PAPER"	"PMID: 17533643"	"Q5NHI2"	"PAPER + UNIPROT FROM GENE TO PROTEIN + BLAST"	"YP_169510.1"
"F. tularensis"	"FTT_1696"	"PAPER"	"PMID: 17533643"	"Q5NEE1"	"PAPER + UNIPROT FROM GENE TO PROTEIN + BLAST"	"YP_170601.1"
"F. tularensis"	"FTT_1269"	"PAPER"	"PMID: 17533643, 17764754, 21687770"	"Q5NFG7"	"PAPER + UNIPROT FROM GENE TO PROTEIN + BLAST"	"YP_170225.1"
"F. tularensis"	"FTT_1724"	"PAPER"	"PMID: 17533643, 17764754, 21687770"	"Q5NEB6"	"PAPER + UNIPROT FROM GENE TO PROTEIN + BLAST"	"YP_170626.1"
"F. tularensis"	"FTT_0106"	"PAPER"	"PMID: 17533643, 21687770"	"Q5NIG6"	"PAPER + UNIPROT FROM GENE TO PROTEIN + BLAST"	"YP_169176.1"
"F. tularensis"	"FTT_0119"	"PAPER"	"PMID: 17533643, 21687770"	"Q5NIF3"	"PAPER + UNIPROT FROM GENE TO PROTEIN + BLAST"	"YP_169189.1"
"F. tularensis"	"FTT_0682"	"PAPER"	"PMID: 17533643, 21687770"	"Q5NGZ4"	"PAPER + UNIPROT FROM GENE TO PROTEIN + BLAST"	"YP_169698.1"
"F. tularensis"	"FTT_0863"	"PAPER"	"PMID: 17533643, 21687770"	"Q5NGH7"	"PAPER + UNIPROT FROM GENE TO PROTEIN + BLAST"	"YP_169865.1"
"F. tularensis"	"FTT_0869"	"PAPER"	"PMID: 17533643, 21687770"	"Q5NGH3"	"PAPER + UNIPROT FROM GENE TO PROTEIN + BLAST"	"YP_169869.1"
"F. tularensis"	"FTT_1314"	"PAPER"	"PMID: 17533643, 21687770"	"Q5NFC5"	"PAPER + UNIPROT FROM GENE TO PROTEIN + BLAST"	"YP_170267.1"
"F. tularensis"	"FTT_1484"	"PAPER"	"PMID: 17533643, 21687770"	"Q5NEX3"	"PAPER + UNIPROT FROM GENE TO PROTEIN + BLAST"	"YP_170419.1"
"F. tularensis"	"FTT_1540"	"PAPER"	"PMID: 17533643, 21687770"	"Q5NES4"	"PAPER + UNIPROT FROM GENE TO PROTEIN + BLAST"	"YP_170468.1"
"F. tularensis"	"FFT_0083"	"PAPER"	"PMID: 21687770"	"Q5NII5"	"PAPER + UNIPROT FROM GENE TO PROTEIN + BLAST"	"YP_169157.1"
"F. tularensis"	"FFT_0194"	"PAPER"	"PMID: 21687770"	"Q5NI87"	"PAPER + UNIPROT FROM GENE TO PROTEIN + BLAST"	"YP_169255.1"
"F. tularensis"	"FFT_0280"	"PAPER"	"PMID: 21687770"	"Q5NI12"	"PAPER + UNIPROT FROM GENE TO PROTEIN + BLAST"	"YP_169330.1"
"F. tularensis"	"FFT_0708"	"PAPER"	"PMID: 21687770"	"Q5NGW9"	"PAPER + UNIPROT FROM GENE TO PROTEIN + BLAST"	"YP_169723.1"
"F. tularensis"	"FFT_0849"	"PAPER"	"PMID: 21687770"	"Q5NGJ0"	"PAPER + UNIPROT FROM GENE TO PROTEIN + BLAST"	"YP_169852.1"
"F. tularensis"	"FFT_0989"	"PAPER"	"PMID: 21687770"	"Q5NG65"	"PAPER + UNIPROT FROM GENE TO PROTEIN + BLAST"	"YP_169977.1"
"F. tularensis"	"FFT_0991"	"PAPER"	"PMID: 21687770"	"Q5NG63"	"PAPER + UNIPROT FROM GENE TO PROTEIN + BLAST"	"YP_169979.1"
"F. tularensis"	"FFT_1239"	"PAPER"	"PMID: 21687770"	"Q5NFJ5"	"PAPER + UNIPROT FROM GENE TO PROTEIN + BLAST"	"YP_170197.1"
"F. tularensis"	"FFT_1303"	"PAPER"	"PMID: 21687770"	"Q5NFD5"	"PAPER + UNIPROT FROM GENE TO PROTEIN + BLAST"	"YP_170257.1"
"F. tularensis"	"FFT_1333"	"PAPER"	"PMID: 21687770"	"Q5NFA7"	"PAPER + UNIPROT FROM GENE TO PROTEIN + BLAST"	"YP_170285.1"
"F. tularensis"	"FTT_0018"	"PAPER"	"PMID: 21687770"	"Q5NIP8"	"PAPER + UNIPROT FROM GENE TO PROTEIN + BLAST"	"YP_169094.1"
"F. tularensis"	"FTT_0975"	"PAPER"	"PMID: 21687770"	"Q5NG79"	"PAPER + UNIPROT FROM GENE TO PROTEIN + BLAST"	"YP_169963.1"
"F. tularensis"	"FTT_1775c"	"PAPER"	"PMID: 21687770"	"Q5NE78"	"PAPER + UNIPROT FROM GENE TO PROTEIN + BLAST"	"YP_170664.1"
"L. braziliensis"	"A4H5E6"	"IEDB"	""	""	""	"A4H5E6"
"L. braziliensis"	"A4H641"	"IEDB"	""	""	""	"A4H641"
"L. braziliensis"	"A4H884"	"IEDB"	""	""	""	"A4H884"
"L. braziliensis"	"A4H9Q1"	"IEDB"	""	""	""	"A4H9Q1"
"L. braziliensis"	"A4HA94"	"IEDB"	""	""	""	"A4HA94"
"L. braziliensis"	"A4HCL7"	"IEDB"	""	""	""	"A4HCL7"
"L. braziliensis"	"A4HFP4"	"IEDB"	""	""	""	"A4HFP4"
"L. braziliensis"	"A4HL70"	"IEDB"	""	""	""	"A4HL70"
"L. interrogans"	"G1UB25"	"IEDB"	""	""	"IEDB + UNIPROT TO REFSEQ"	"NP_710192.1"
"L. interrogans"	"G1UB30"	"IEDB"	""	""	"IEDB + UNIPROT TO REFSEQ"	"NP_713318.2"
"L. interrogans"	"O34094"	"IEDB"	""	""	"IEDB + UNIPROT TO REFSEQ"	"NP_712818.1"
"L. interrogans"	"P61439"	"IEDB"	""	""	"IEDB + UNIPROT TO REFSEQ"	"NP_712836.1"
"L. interrogans"	"Q8EYC5"	"IEDB"	""	""	"IEDB + UNIPROT TO REFSEQ"	"NP_714471.1"
"L. interrogans"	"Q8F8E1"	"IEDB"	""	""	"IEDB + UNIPROT TO REFSEQ"	"NP_710797.2"
"L. interrogans"	"LIC10215"	"PAPER"	"PMID: 24147173"	"Q72VT1"	"PAPER + UNIPROT FROM GENE TO PROTEIN + BLAST"	"NP_710431.1"
"L. interrogans"	"LIC11389"	"PAPER"	"PMID: 24147173"	"Q72SJ3"	"PAPER + UNIPROT FROM GENE TO PROTEIN + BLAST"	"NP_712775.1"
"L. interrogans"	"LIC11456"	"PAPER"	"PMID: 24147173"	"Q72SC8"	"PAPER + UNIPROT FROM GENE TO PROTEIN + BLAST"	"NP_712693.1"
"L. interrogans"	"LIC11573"	"PAPER"	"PMID: 24147173"	"Q72S14"	"PAPER + UNIPROT FROM GENE TO PROTEIN + BLAST"	"NP_712553.1"
"M. leprae"	"B8ZS71"	"IEDB"	""	""	"IEDB + MANUAL MAPPING VIA UNIPROT"	"NP_302218.1"
"M. leprae"	"B8ZSL3"	"IEDB"	""	""	"IEDB + MANUAL MAPPING VIA UNIPROT"	"NP_302359.1"
"M. leprae"	"B8ZTB7"	"IEDB"	""	""	"IEDB + MANUAL MAPPING VIA UNIPROT"	"NP_302613.1"
"M. leprae"	"B8ZTS2"	"IEDB"	""	""	"IEDB + MANUAL MAPPING VIA UNIPROT"	"NP_301163.1"
"M. leprae"	"B8ZU53"	"IEDB"	""	""	"IEDB + MANUAL MAPPING VIA UNIPROT"	"NP_301294.1"
"M. leprae"	"B8ZUA4"	"IEDB"	""	""	"IEDB + MANUAL MAPPING VIA UNIPROT"	"NP_301345.1"
"M. leprae"	"B8ZUD1"	"IEDB"	""	""	"IEDB + MANUAL MAPPING VIA UNIPROT"	"NP_301372.1"
"M. tuberculosis"	"I6Y231"	"IEDB"	""	""	"IEDB + UNIPROT TO REFSEQ"	"NP_217456.1"
"M. tuberculosis"	"I6Y936"	"IEDB"	""	""	"IEDB + UNIPROT TO REFSEQ"	"YP_177766.1"
"M. tuberculosis"	"L7N675"	"IEDB"	""	""	"IEDB + UNIPROT TO REFSEQ"	"YP_177795.1"
"M. tuberculosis"	"O05461"	"IEDB"	""	""	"IEDB + UNIPROT TO REFSEQ"	"NP_218400.1"
"M. tuberculosis"	"O06404"	"IEDB"	""	""	"IEDB + UNIPROT TO REFSEQ"	"NP_215052.1"
"M. tuberculosis"	"O06608"	"IEDB"	""	""	"IEDB + UNIPROT TO REFSEQ"	"NP_216098.1"
"M. tuberculosis"	"O07175"	"IEDB"	""	""	"IEDB + UNIPROT TO REFSEQ"	"NP_214639.1"
"M. tuberculosis"	"O33192"	"IEDB"	""	""	"IEDB + UNIPROT TO REFSEQ"	"NP_216206.1"
"M. tuberculosis"	"O53519"	"IEDB"	""	""	"IEDB + UNIPROT TO REFSEQ"	"NP_216701.1"
"M. tuberculosis"	"O53611"	"IEDB"	""	""	"IEDB + UNIPROT TO REFSEQ"	"NP_214580.1"
"M. tuberculosis"	"O53673"	"IEDB"	""	""	"IEDB + UNIPROT TO REFSEQ"	"NP_214765.1"
"M. tuberculosis"	"O53692"	"IEDB"	""	""	"IEDB + UNIPROT TO REFSEQ"	"NP_214801.1"
"M. tuberculosis"	"O69703"	"IEDB"	""	""	"IEDB + UNIPROT TO REFSEQ"	"NP_218253.1"
"M. tuberculosis"	"P09621"	"IEDB"	""	""	"IEDB + UNIPROT TO REFSEQ"	"NP_217935.1"
"M. tuberculosis"	"P0A4V2"	"IEDB"	""	""	"IEDB + UNIPROT TO REFSEQ"	"NP_218321.1"
"M. tuberculosis"	"P0A520"	"IEDB"	""	""	"IEDB + UNIPROT TO REFSEQ"	"NP_214954.1"
"M. tuberculosis"	"P0A5J0"	"IEDB"	""	""	"IEDB + UNIPROT TO REFSEQ"	"NP_218280.1"
"M. tuberculosis"	"P71810"	"IEDB"	""	""	"IEDB + UNIPROT TO REFSEQ"	"NP_215898.1"
"M. tuberculosis"	"P95149"	"IEDB"	""	""	"IEDB + UNIPROT TO REFSEQ"	"NP_216382.3"
"M. tuberculosis"	"P96264"	"IEDB"	""	""	"IEDB + UNIPROT TO REFSEQ"	"NP_214932.1"
"M. tuberculosis"	"P96402"	"IEDB"	""	""	"IEDB + UNIPROT TO REFSEQ"	"NP_214734.1"
"M. tuberculosis"	"P9WF43"	"IEDB"	""	""	"IEDB + UNIPROT TO REFSEQ"	"NP_217735.1"
"M. tuberculosis"	"P9WF73"	"IEDB"	""	""	"IEDB + UNIPROT TO REFSEQ"	"NP_215630.1"
"M. tuberculosis"	"P9WFC9"	"IEDB"	""	""	"IEDB + UNIPROT TO REFSEQ"	"NP_216152.1"
"M. tuberculosis"	"P9WFL9"	"IEDB"	""	""	"IEDB + UNIPROT TO REFSEQ"	"NP_218439.1"
"M. tuberculosis"	"P9WFR1"	"IEDB"	""	""	"IEDB + UNIPROT TO REFSEQ"	"NP_217474.1"
"M. tuberculosis"	"P9WG67"	"IEDB"	""	""	"IEDB + UNIPROT TO REFSEQ"	"NP_218431.1"
"M. tuberculosis"	"P9WGT7"	"IEDB"	""	""	"IEDB + UNIPROT TO REFSEQ"	"YP_177768.1"
"M. tuberculosis"	"P9WGT9"	"IEDB"	""	""	"IEDB + UNIPROT TO REFSEQ"	"YP_177769.1"
"M. tuberculosis"	"P9WGU1"	"IEDB"	""	""	"IEDB + UNIPROT TO REFSEQ"	"YP_177770.1"
"M. tuberculosis"	"P9WGY7"	"IEDB"	""	""	"IEDB + UNIPROT TO REFSEQ"	"NP_215182.1"
"M. tuberculosis"	"P9WGY9"	"IEDB"	""	""	"IEDB + UNIPROT TO REFSEQ"	"NP_215181.1"
"M. tuberculosis"	"P9WHE3"	"IEDB"	""	""	"IEDB + UNIPROT TO REFSEQ"	"NP_215166.1"
"M. tuberculosis"	"P9WHM5"	"IEDB"	""	""	"IEDB + UNIPROT TO REFSEQ"	"NP_215471.1"
"M. tuberculosis"	"P9WHZ5"	"IEDB"	""	""	"IEDB + UNIPROT TO REFSEQ"	"YP_177893.1"
"M. tuberculosis"	"P9WI37"	"IEDB"	""	""	"IEDB + UNIPROT TO REFSEQ"	"YP_177753.1"
"M. tuberculosis"	"P9WI79"	"IEDB"	""	""	"IEDB + UNIPROT TO REFSEQ"	"NP_215446.1"
"M. tuberculosis"	"P9WIM9"	"IEDB"	""	""	"IEDB + UNIPROT TO REFSEQ"	"NP_214554.2"
"M. tuberculosis"	"P9WIN9"	"IEDB"	""	""	"IEDB + UNIPROT TO REFSEQ"	"NP_216496.1"
"M. tuberculosis"	"P9WIP1"	"IEDB"	""	""	"IEDB + UNIPROT TO REFSEQ"	"NP_216442.1"
"M. tuberculosis"	"P9WIP9"	"IEDB"	""	""	"IEDB + UNIPROT TO REFSEQ"	"NP_214989.1"
"M. tuberculosis"	"P9WJA3"	"IEDB"	""	""	"IEDB + UNIPROT TO REFSEQ"	"NP_217142.1"
"M. tuberculosis"	"P9WJA9"	"IEDB"	""	""	"IEDB + UNIPROT TO REFSEQ"	"NP_216343.1"
"M. tuberculosis"	"P9WJC1"	"IEDB"	""	""	"IEDB + UNIPROT TO REFSEQ"	"NP_218396.1"
"M. tuberculosis"	"P9WJC3"	"IEDB"	""	""	"IEDB + UNIPROT TO REFSEQ"	"NP_218395.1"
"M. tuberculosis"	"P9WJD3"	"IEDB"	""	""	"IEDB + UNIPROT TO REFSEQ"	"NP_218381.1"
"M. tuberculosis"	"P9WJD9"	"IEDB"	""	""	"IEDB + UNIPROT TO REFSEQ"	"NP_218398.1"
"M. tuberculosis"	"P9WJQ9"	"IEDB"	""	""	"IEDB + UNIPROT TO REFSEQ"	"NP_216969.1"
"M. tuberculosis"	"P9WJW7"	"IEDB"	""	""	"IEDB + UNIPROT TO REFSEQ"	"NP_217510.1"
"M. tuberculosis"	"P9WK17"	"IEDB"	""	""	"IEDB + UNIPROT TO REFSEQ"	"NP_216353.1"
"M. tuberculosis"	"P9WK31"	"IEDB"	""	""	"IEDB + UNIPROT TO REFSEQ"	"NP_216502.1"
"M. tuberculosis"	"P9WK61"	"IEDB"	""	""	"IEDB + UNIPROT TO REFSEQ"	"NP_218280.1"
"M. tuberculosis"	"P9WKL1"	"IEDB"	""	""	"IEDB + UNIPROT TO REFSEQ"	"NP_217856.1"
"M. tuberculosis"	"P9WL63"	"IEDB"	""	""	"IEDB + UNIPROT TO REFSEQ"	"NP_217145.1"
"M. tuberculosis"	"P9WMF9"	"IEDB"	""	""	"IEDB + UNIPROT TO REFSEQ"	"NP_217649.1"
"M. tuberculosis"	"P9WMJ9"	"IEDB"	""	""	"IEDB + UNIPROT TO REFSEQ"	"NP_214864.1"
"M. tuberculosis"	"P9WMK1"	"IEDB"	""	""	"IEDB + UNIPROT TO REFSEQ"	"NP_216547.1"
"M. tuberculosis"	"P9WMX7"	"IEDB"	""	""	"IEDB + UNIPROT TO REFSEQ"	"NP_217473.1"
"M. tuberculosis"	"P9WN09"	"IEDB"	""	""	"IEDB + UNIPROT TO REFSEQ"	"NP_217478.1"
"M. tuberculosis"	"P9WNE5"	"IEDB"	""	""	"IEDB + UNIPROT TO REFSEQ"	"NP_218358.1"
"M. tuberculosis"	"P9WNF3"	"IEDB"	""	""	"IEDB + UNIPROT TO REFSEQ"	"NP_217389.1"
"M. tuberculosis"	"P9WNF5"	"IEDB"	""	""	"IEDB + UNIPROT TO REFSEQ"	"NP_217391.1"
"M. tuberculosis"	"P9WNI7"	"IEDB"	""	""	"IEDB + UNIPROT TO REFSEQ"	"NP_216862.1"
"M. tuberculosis"	"P9WNJ3"	"IEDB"	""	""	"IEDB + UNIPROT TO REFSEQ"	"YP_177838.1"
"M. tuberculosis"	"P9WNK3"	"IEDB"	""	""	"IEDB + UNIPROT TO REFSEQ"	"NP_214802.1"
"M. tuberculosis"	"P9WNK5"	"IEDB"	""	""	"IEDB + UNIPROT TO REFSEQ"	"NP_218391.1"
"M. tuberculosis"	"P9WNK7"	"IEDB"	""	""	"IEDB + UNIPROT TO REFSEQ"	"YP_178023.1"
"M. tuberculosis"	"P9WP43"	"IEDB"	""	""	"IEDB + UNIPROT TO REFSEQ"	"NP_216500.1"
"M. tuberculosis"	"P9WPE5"	"IEDB"	""	""	"IEDB + UNIPROT TO REFSEQ"	"NP_217935.1"
"M. tuberculosis"	"P9WPE7"	"IEDB"	""	""	"IEDB + UNIPROT TO REFSEQ"	"NP_214954.1"
"M. tuberculosis"	"P9WPQ1"	"IEDB"	""	""	"IEDB + UNIPROT TO REFSEQ"	"NP_217737.1"
"M. tuberculosis"	"P9WQ27"	"IEDB"	""	""	"IEDB + UNIPROT TO REFSEQ"	"NP_217547.1"
"M. tuberculosis"	"P9WQ59"	"IEDB"	""	""	"IEDB + UNIPROT TO REFSEQ"	"NP_217457.1"
"M. tuberculosis"	"P9WQB1"	"IEDB"	""	""	"IEDB + UNIPROT TO REFSEQ"	"NP_217296.1"
"M. tuberculosis"	"P9WQD7"	"IEDB"	""	""	"IEDB + UNIPROT TO REFSEQ"	"NP_216762.1"
"M. tuberculosis"	"P9WQM5"	"IEDB"	""	""	"IEDB + UNIPROT TO REFSEQ"	"NP_216495.2"
"M. tuberculosis"	"P9WQN7"	"IEDB"	""	""	"IEDB + UNIPROT TO REFSEQ"	"YP_178017.1"
"M. tuberculosis"	"P9WQP1"	"IEDB"	""	""	"IEDB + UNIPROT TO REFSEQ"	"NP_216402.1"
"M. tuberculosis"	"P9WQP3"	"IEDB"	""	""	"IEDB + UNIPROT TO REFSEQ"	"NP_218321.1"
"M. tuberculosis"	"Q6MWX9"	"IEDB"	""	""	"IEDB + UNIPROT TO REFSEQ"	"YP_177963.1"
"M. tuberculosis"	"Q79FE1"	"IEDB"	""	""	"IEDB + UNIPROT TO REFSEQ"	"YP_177881.1"
"P. falciparum"	"C0H4K2"	"IEDB"	""	""	"IEDB + UNIPROT TO REFSEQ"	"XP_002808749.1"
"P. falciparum"	"C0H4W3"	"IEDB"	""	""	"IEDB + UNIPROT TO REFSEQ"	"XP_002808863.1"
"P. falciparum"	"C0H571"	"IEDB"	""	""	"IEDB + UNIPROT TO REFSEQ"	"XP_002808967.1"
"P. falciparum"	"C0H5F4"	"IEDB"	""	""	"IEDB + UNIPROT TO REFSEQ"	"XP_002809051.1"
"P. falciparum"	"C6KSK8"	"IEDB"	""	""	"IEDB + UNIPROT TO REFSEQ"	"XP_965997.1"
"P. falciparum"	"C6KSQ6"	"IEDB"	""	""	"IEDB + UNIPROT TO REFSEQ"	"XP_966048.1"
"P. falciparum"	"C6KSS5"	"IEDB"	""	""	"IEDB + UNIPROT TO REFSEQ"	"XP_966067.1"
"P. falciparum"	"C6KTB7"	"IEDB"	""	""	"IEDB + UNIPROT TO REFSEQ"	"XP_966264.1"
"P. falciparum"	"C6KTD2"	"IEDB"	""	""	"IEDB + UNIPROT TO REFSEQ"	"XP_966279.2"
"P. falciparum"	"C6KTF7"	"IEDB"	""	""	"IEDB + UNIPROT TO REFSEQ"	"XP_966305.1"
"P. falciparum"	"O77374"	"IEDB"	""	""	"IEDB + UNIPROT TO REFSEQ"	"XP_001351253.1"
"P. falciparum"	"O77384"	"IEDB"	""	""	"IEDB + UNIPROT TO REFSEQ"	"XP_001351243.1"
"P. falciparum"	"O96133"	"IEDB"	""	""	"IEDB + UNIPROT TO REFSEQ"	"XP_001349543.1"
"P. falciparum"	"O96160"	"IEDB"	""	""	"IEDB + UNIPROT TO REFSEQ"	"XP_001349581.2"
"P. falciparum"	"O96185"	"IEDB"	""	""	"IEDB + UNIPROT TO REFSEQ"	"XP_001349610.1"
"P. falciparum"	"O96275"	"IEDB"	""	""	"IEDB + UNIPROT TO REFSEQ"	"XP_001349701.1"
"P. falciparum"	"O96296"	"IEDB"	""	""	"IEDB + UNIPROT TO REFSEQ"	"XP_001349737.2"
"P. falciparum"	"O97237"	"IEDB"	""	""	"IEDB + UNIPROT TO REFSEQ"	"XP_001351128.1"
"P. falciparum"	"O97239"	"IEDB"	""	""	"IEDB + UNIPROT TO REFSEQ"	"XP_001351131.1"
"P. falciparum"	"P50498"	"IEDB"	""	""	"IEDB + UNIPROT TO REFSEQ"	"XP_001349578.1"
"P. falciparum"	"Q6LFN2"	"IEDB"	""	""	"IEDB + UNIPROT TO REFSEQ"	"XP_966024.1"
"P. falciparum"	"Q6ZMA7"	"IEDB"	""	""	"IEDB + UNIPROT TO REFSEQ"	"XP_001351375.1"
"P. falciparum"	"Q76NM2"	"IEDB"	""	""	"IEDB + UNIPROT TO REFSEQ"	"XP_001350088.1"
"P. falciparum"	"Q76NM5"	"IEDB"	""	""	"IEDB + UNIPROT TO REFSEQ"	"XP_001349859.1"
"P. falciparum"	"Q7K740"	"IEDB"	""	""	"IEDB + UNIPROT TO REFSEQ"	"XP_001351122.1"
"P. falciparum"	"Q7KQK5"	"IEDB"	""	""	"IEDB + UNIPROT TO REFSEQ"	"XP_001348015.1"
"P. falciparum"	"Q7KWJ2"	"IEDB"	""	""	"IEDB + UNIPROT TO REFSEQ"	"XP_001349580.1"
"P. falciparum"	"Q8I098"	"IEDB"	""	""	"IEDB + UNIPROT TO REFSEQ"	"XP_001351561.1"
"P. falciparum"	"Q8I098"	"IEDB"	""	""	"IEDB + UNIPROT TO REFSEQ"	"XP_002808895.1"
"P. falciparum"	"Q8I0U6"	"IEDB"	""	""	"IEDB + UNIPROT TO REFSEQ"	"XP_001350954.1"
"P. falciparum"	"Q8I0U8"	"IEDB"	""	""	"IEDB + UNIPROT TO REFSEQ"	"XP_001352170.1"
"P. falciparum"	"Q8I1N6"	"IEDB"	""	""	"IEDB + UNIPROT TO REFSEQ"	"XP_002808665.1"
"P. falciparum"	"Q8I1N9"	"IEDB"	""	""	"IEDB + UNIPROT TO REFSEQ"	"XP_001351507.1"
"P. falciparum"	"Q8I1U7"	"IEDB"	""	""	"IEDB + UNIPROT TO REFSEQ"	"XP_001351448.1"
"P. falciparum"	"Q8I218"	"IEDB"	""	""	"IEDB + UNIPROT TO REFSEQ"	"XP_001351321.1"
"P. falciparum"	"Q8I220"	"IEDB"	""	""	"IEDB + UNIPROT TO REFSEQ"	"XP_001351319.1"
"P. falciparum"	"Q8I2G2"	"IEDB"	""	""	"IEDB + UNIPROT TO REFSEQ"	"XP_001352222.1"
"P. falciparum"	"Q8I2X4"	"IEDB"	""	""	"IEDB + UNIPROT TO REFSEQ"	"XP_001352050.1"
"P. falciparum"	"Q8I3Z1"	"IEDB"	""	""	"IEDB + UNIPROT TO REFSEQ"	"XP_001351672.1"
"P. falciparum"	"Q8I480"	"IEDB"	""	""	"IEDB + UNIPROT TO REFSEQ"	"XP_001351579.1"
"P. falciparum"	"Q8I484"	"IEDB"	""	""	"IEDB + UNIPROT TO REFSEQ"	"XP_001351575.1"
"P. falciparum"	"Q8I492"	"IEDB"	""	""	"IEDB + UNIPROT TO REFSEQ"	"XP_001351567.1"
"P. falciparum"	"Q8I4R2"	"IEDB"	""	""	"IEDB + UNIPROT TO REFSEQ"	"XP_001350906.1"
"P. falciparum"	"Q8I4V2"	"IEDB"	""	""	"IEDB + UNIPROT TO REFSEQ"	"XP_001350866.1"
"P. falciparum"	"Q8I525"	"IEDB"	""	""	"IEDB + UNIPROT TO REFSEQ"	"XP_001350792.1"
"P. falciparum"	"Q8I562"	"IEDB"	""	""	"IEDB + UNIPROT TO REFSEQ"	"XP_001350755.2"
"P. falciparum"	"Q8I586"	"IEDB"	""	""	"IEDB + UNIPROT TO REFSEQ"	"XP_001350730.1"
"P. falciparum"	"Q8I588"	"IEDB"	""	""	"IEDB + UNIPROT TO REFSEQ"	"XP_001350728.2"
"P. falciparum"	"Q8I589"	"IEDB"	""	""	"IEDB + UNIPROT TO REFSEQ"	"XP_001350727.1"
"P. falciparum"	"Q8I5D2"	"IEDB"	""	""	"IEDB + UNIPROT TO REFSEQ"	"XP_001350683.1"
"P. falciparum"	"Q8I5G1"	"IEDB"	""	""	"IEDB + UNIPROT TO REFSEQ"	"XP_001350653.1"
"P. falciparum"	"Q8I5I1"	"IEDB"	""	""	"IEDB + UNIPROT TO REFSEQ"	"XP_001350633.1"
"P. falciparum"	"Q8I5P7"	"IEDB"	""	""	"IEDB + UNIPROT TO REFSEQ"	"XP_001350563.1"
"P. falciparum"	"Q8I5X5"	"IEDB"	""	""	"IEDB + UNIPROT TO REFSEQ"	"XP_001350479.1"
"P. falciparum"	"Q8I5Z5"	"IEDB"	""	""	"IEDB + UNIPROT TO REFSEQ"	"XP_001350459.1"
"P. falciparum"	"Q8I615"	"IEDB"	""	""	"IEDB + UNIPROT TO REFSEQ"	"XP_001350439.1"
"P. falciparum"	"Q8I622"	"IEDB"	""	""	"IEDB + UNIPROT TO REFSEQ"	"XP_001350432.1"
"P. falciparum"	"Q8I639"	"IEDB"	""	""	"IEDB + UNIPROT TO REFSEQ"	"XP_001350415.1"
"P. falciparum"	"Q8I659"	"IEDB"	""	""	"IEDB + UNIPROT TO REFSEQ"	"XP_001349671.1"
"P. falciparum"	"Q8I6U6"	"IEDB"	""	""	"IEDB + UNIPROT TO REFSEQ"	"XP_001347658.2"
"P. falciparum"	"Q8IAK2"	"IEDB"	""	""	"IEDB + UNIPROT TO REFSEQ"	"XP_001349513.1"
"P. falciparum"	"Q8IAS4"	"IEDB"	""	""	"IEDB + UNIPROT TO REFSEQ"	"XP_001349437.1"
"P. falciparum"	"Q8IB24"	"IEDB"	""	""	"IEDB + UNIPROT TO REFSEQ"	"XP_001349336.1"
"P. falciparum"	"Q8IBB8"	"IEDB"	""	""	"IEDB + UNIPROT TO REFSEQ"	"XP_001349239.1"
"P. falciparum"	"Q8IBE8"	"IEDB"	""	""	"IEDB + UNIPROT TO REFSEQ"	"XP_001349207.2"
"P. falciparum"	"Q8IBP1"	"IEDB"	""	""	"IEDB + UNIPROT TO REFSEQ"	"XP_001349112.1"
"P. falciparum"	"Q8IBW8"	"IEDB"	""	""	"IEDB + UNIPROT TO REFSEQ"	"XP_001349035.1"
"P. falciparum"	"Q8IBX2"	"IEDB"	""	""	"IEDB + UNIPROT TO REFSEQ"	"XP_001349031.1"
"P. falciparum"	"Q8IC19"	"IEDB"	""	""	"IEDB + UNIPROT TO REFSEQ"	"XP_001348984.1"
"P. falciparum"	"Q8IC32"	"IEDB"	""	""	"IEDB + UNIPROT TO REFSEQ"	"XP_001348971.1"
"P. falciparum"	"Q8ID39"	"IEDB"	""	""	"IEDB + UNIPROT TO REFSEQ"	"XP_001350380.1"
"P. falciparum"	"Q8ID94"	"IEDB"	""	""	"IEDB + UNIPROT TO REFSEQ"	"XP_001350323.1"
"P. falciparum"	"Q8IDG7"	"IEDB"	""	""	"IEDB + UNIPROT TO REFSEQ"	"XP_001350245.1"
"P. falciparum"	"Q8IDX6"	"IEDB"	""	""	"IEDB + UNIPROT TO REFSEQ"	"XP_001350083.1"
"P. falciparum"	"Q8IE51"	"IEDB"	""	""	"IEDB + UNIPROT TO REFSEQ"	"XP_001350007.1"
"P. falciparum"	"Q8IED2"	"IEDB"	""	""	"IEDB + UNIPROT TO REFSEQ"	"XP_001349920.1"
"P. falciparum"	"Q8IEF6"	"IEDB"	""	""	"IEDB + UNIPROT TO REFSEQ"	"XP_001349895.2"
"P. falciparum"	"Q8IFN0"	"IEDB"	""	""	"IEDB + UNIPROT TO REFSEQ"	"XP_001351539.1"
"P. falciparum"	"Q8IHN4"	"IEDB"	""	""	"IEDB + UNIPROT TO REFSEQ"	"XP_001348162.2"
"P. falciparum"	"Q8IHS4"	"IEDB"	""	""	"IEDB + UNIPROT TO REFSEQ"	"XP_001348122.1"
"P. falciparum"	"Q8IHV2"	"IEDB"	""	""	"IEDB + UNIPROT TO REFSEQ"	"XP_001348094.1"
"P. falciparum"	"Q8IID4"	"IEDB"	""	""	"IEDB + UNIPROT TO REFSEQ"	"XP_001347911.1"
"P. falciparum"	"Q8IIF0"	"IEDB"	""	""	"IEDB + UNIPROT TO REFSEQ"	"XP_001347895.1"
"P. falciparum"	"Q8IIG1"	"IEDB"	""	""	"IEDB + UNIPROT TO REFSEQ"	"XP_001347884.2"
"P. falciparum"	"Q8IIG4"	"IEDB"	""	""	"IEDB + UNIPROT TO REFSEQ"	"XP_001347881.2"
"P. falciparum"	"Q8IIG7"	"IEDB"	""	""	"IEDB + UNIPROT TO REFSEQ"	"XP_001347878.2"
"P. falciparum"	"Q8IJ45"	"IEDB"	""	""	"IEDB + UNIPROT TO REFSEQ"	"XP_001347639.1"
"P. falciparum"	"Q8IJ48"	"IEDB"	""	""	"IEDB + UNIPROT TO REFSEQ"	"XP_001347636.1"
"P. falciparum"	"Q8IJ52"	"IEDB"	""	""	"IEDB + UNIPROT TO REFSEQ"	"XP_001347632.1"
"P. falciparum"	"Q8IJ53"	"IEDB"	""	""	"IEDB + UNIPROT TO REFSEQ"	"XP_001347631.1"
"P. falciparum"	"Q8IJ54"	"IEDB"	""	""	"IEDB + UNIPROT TO REFSEQ"	"XP_001347630.1"
"P. falciparum"	"Q8IJ55"	"IEDB"	""	""	"IEDB + UNIPROT TO REFSEQ"	"XP_001347629.1"
"P. falciparum"	"Q8IJ56"	"IEDB"	""	""	"IEDB + UNIPROT TO REFSEQ"	"XP_001347628.1"
"P. falciparum"	"Q8IJN9"	"IEDB"	""	""	"IEDB + UNIPROT TO REFSEQ"	"XP_001347438.1"
"P. falciparum"	"Q8IL52"	"IEDB"	""	""	"IEDB + UNIPROT TO REFSEQ"	"XP_001348571.2"
"P. falciparum"	"Q8ILR9"	"IEDB"	""	""	"IEDB + UNIPROT TO REFSEQ"	"XP_001348348.1"
"P. falciparum"	"Q8ILZ1"	"IEDB"	""	""	"IEDB + UNIPROT TO REFSEQ"	"XP_001348275.1"
"P. falciparum"	"Q8IM00"	"IEDB"	""	""	"IEDB + UNIPROT TO REFSEQ"	"XP_001348266.1"
"P. falciparum"	"Q8IM04"	"IEDB"	""	""	"IEDB + UNIPROT TO REFSEQ"	"XP_001348262.2"
"P. falciparum"	"Q8IM46"	"IEDB"	""	""	"IEDB + UNIPROT TO REFSEQ"	"XP_001348218.1"
"P. falciparum"	"Q8IM77"	"IEDB"	""	""	"IEDB + UNIPROT TO REFSEQ"	"XP_001348186.2"
"P. falciparum"	"Q9TY95"	"IEDB"	""	""	"IEDB + UNIPROT TO REFSEQ"	"XP_001349586.1"
"P. falciparum"	"Q9TY99"	"IEDB"	""	""	"IEDB + UNIPROT TO REFSEQ"	"XP_001349534.1"
"P. falciparum"	"Q9U0G5"	"IEDB"	""	""	"IEDB + UNIPROT TO REFSEQ"	"XP_001351437.1"
"P. falciparum"	"Q9U0M8"	"IEDB"	""	""	"IEDB + UNIPROT TO REFSEQ"	"XP_001351056.1"
"P. gingivalis"	"B2RGP7"	"IEDB"	""	""	"IEDB + MANUAL MAPPING VIA UNIPROT"	"A0A134DMH4"
"P. gingivalis"	"B2RH54"	"IEDB"	""	""	"IEDB + MANUAL MAPPING VIA UNIPROT"	"R4X5U3"
"P. gingivalis"	"B2RHG1"	"IEDB"	""	""	"IEDB + MANUAL MAPPING VIA UNIPROT"	"A0A134DQT7"
"P. gingivalis"	"B2RHG7"	"IEDB"	""	""	"IEDB + MANUAL MAPPING VIA UNIPROT"	"A0A134DQT9"
"P. gingivalis"	"B2RID6"	"IEDB"	""	""	"IEDB + MANUAL MAPPING VIA UNIPROT"	"A0A134DMR1"
"P. gingivalis"	"B2RJ72"	"IEDB"	""	""	"IEDB + MANUAL MAPPING VIA UNIPROT"	"A0A134DN04"
"P. gingivalis"	"B2RKS6"	"IEDB"	""	""	"IEDB + MANUAL MAPPING VIA UNIPROT"	"A0A134DMT3"
"P. gingivalis"	"B2RLH8"	"IEDB"	""	""	"IEDB + MANUAL MAPPING VIA UNIPROT"	"A0A134DMN9"
"P. gingivalis"	"B2RLL7"	"IEDB"	""	""	"IEDB + MANUAL MAPPING VIA UNIPROT"	"A0A134DNS0"
"P. gingivalis"	"B2RM93"	"IEDB"	""	""	"IEDB + MANUAL MAPPING VIA UNIPROT"	"A0A134DMB5"
"S. aureus"	"P14738"	"IEDB"	""	""	"IEDB + MANUAL MAPPING VIA UNIPROT"	"Q2FE03"
"S. aureus"	"Q2FUX4"	"IEDB"	""	""	"IEDB + MANUAL MAPPING VIA UNIPROT"	"A0A0H2XDQ5"
"S. aureus"	"Q2FUY2"	"IEDB"	""	""	"IEDB + MANUAL MAPPING VIA UNIPROT"	"A0A0H2XHK2"
"S. aureus"	"Q2FWC4"	"IEDB"	""	""	"IEDB + MANUAL MAPPING VIA UNIPROT"	"A0A0H2XJH8"
"S. aureus"	"Q2FWN4"	"IEDB"	""	""	"IEDB + MANUAL MAPPING VIA UNIPROT"	"Q2FF95"
"S. aureus"	"Q2FYP2"	"IEDB"	""	""	"IEDB + MANUAL MAPPING VIA UNIPROT"	"A0A0H2XGG6"
"S. aureus"	"Q2FZ93"	"IEDB"	""	""	"IEDB + MANUAL MAPPING VIA UNIPROT"	"Q2FHQ5"
"S. aureus"	"Q2FZF0"	"IEDB"	""	""	"IEDB + MANUAL MAPPING VIA UNIPROT"	"Q2FHV2"
"S. aureus"	"Q2FZK7"	"IEDB"	""	""	"IEDB + MANUAL MAPPING VIA UNIPROT"	"A0A0H2XIJ3"
"S. aureus"	"Q2G155"	"IEDB"	""	""	"IEDB + MANUAL MAPPING VIA UNIPROT"	"A0A0H2XI72"
"S. aureus"	"Q2G1E2"	"IEDB"	""	""	"IEDB + MANUAL MAPPING VIA UNIPROT"	"A0A0H2XIQ8"
"S. aureus"	"Q2G282"	"IEDB"	""	""	"IEDB + MANUAL MAPPING VIA UNIPROT"	"Q2FFN4"
"S. aureus"	"Q2G2B2"	"IEDB"	""	""	"IEDB + MANUAL MAPPING VIA UNIPROT"	"A0A0H2XJV9"
"S. aureus"	"Q2G2D8"	"IEDB"	""	""	"IEDB + MANUAL MAPPING VIA UNIPROT"	"A0A0H2XI48"
"S. aureus"	"Q2G2Q0"	"IEDB"	""	""	"IEDB + MANUAL MAPPING VIA UNIPROT"	"Q2FKQ0"
"S. aureus"	"Q2G2W1"	"IEDB"	""	""	"IEDB + MANUAL MAPPING VIA UNIPROT"	"A0A0H2XJ69"
"S. pyogenes"	"A2RBY7"	"IEDB"	""	""	"IEDB + MANUAL MAPPING VIA UNIPROT"	"Q9A1Z8"
"S. pyogenes"	"A2RCA7"	"IEDB"	""	""	"IEDB + MANUAL MAPPING VIA UNIPROT"	"P0C0I3"
"S. pyogenes"	"A2RCH9"	"IEDB"	""	""	"IEDB + MANUAL MAPPING VIA UNIPROT"	"Q9A1H3"
"S. pyogenes"	"A2RCL1"	"IEDB"	""	""	"IEDB + MANUAL MAPPING VIA UNIPROT"	"P0C0E1"
"S. pyogenes"	"A2RCT4"	"IEDB"	""	""	"IEDB + MANUAL MAPPING VIA UNIPROT"	"Q99Y99"
"S. pyogenes"	"A2RD58"	"IEDB"	""	""	"IEDB + MANUAL MAPPING VIA UNIPROT"	"Q99YL6"
"S. pyogenes"	"A2RE05"	"IEDB"	""	""	"IEDB + MANUAL MAPPING VIA UNIPROT"	"Q99Z76"
"S. pyogenes"	"A2RE08"	"IEDB"	""	""	"IEDB + MANUAL MAPPING VIA UNIPROT"	"Q7DAL7"
"S. pyogenes"	"A2REA9"	"IEDB"	""	""	"IEDB + MANUAL MAPPING VIA UNIPROT"	"Q99ZH4"
"S. pyogenes"	"A2RG26"	"IEDB"	""	""	"IEDB + MANUAL MAPPING VIA UNIPROT"	"Q9A147"
"S. pyogenes"	"A2RG60"	"IEDB"	""	""	"IEDB + MANUAL MAPPING VIA UNIPROT"	"Q9A180"
"S. pyogenes"	"A2RGL9"	"IEDB"	""	""	"IEDB + MANUAL MAPPING VIA UNIPROT"	"P58099"
"S. pyogenes"	"A2RGM0"	"IEDB"	""	""	"IEDB + MANUAL MAPPING VIA UNIPROT"	"Q99XV0"
"T. gondii"	"A8I7E5"	"IEDB"	""	""	"IEDB + MANUAL MAPPING VIA UNIPROT"	"TGME49_203310"
"T. gondii"	"B6KA38"	"IEDB"	""	""	"IEDB + MANUAL MAPPING VIA UNIPROT"	"TGME49_309590"
"T. gondii"	"B6KEU8"	"IEDB"	""	""	"IEDB + MANUAL MAPPING VIA UNIPROT"	"TGME49_227280"
"T. gondii"	"B6KK34"	"IEDB"	""	""	"IEDB + MANUAL MAPPING VIA UNIPROT"	"TGME49_233480"
"T. gondii"	"B6KRK4"	"IEDB"	""	""	"IEDB + MANUAL MAPPING VIA UNIPROT"	"TGME49_277720"
"T. gondii"	"B9Q4G2"	"IEDB"	""	""	"IEDB + MANUAL MAPPING VIA UNIPROT"	"TGME49_233450"
"T. gondii"	"B9Q5Z2"	"IEDB"	""	""	"IEDB + MANUAL MAPPING VIA UNIPROT"	"TGME49_270250"
"T. gondii"	"B9Q8A2"	"IEDB"	""	""	"IEDB + MANUAL MAPPING VIA UNIPROT"	"TGME49_227620"
"T. gondii"	"B9QID4"	"IEDB"	""	""	"IEDB + MANUAL MAPPING VIA UNIPROT"	"TGME49_320170"
"T. gondii"	"D8UY25"	"IEDB"	""	""	"IEDB + MANUAL MAPPING VIA UNIPROT"	"TGME49_245490"
"T. gondii"	"Q0GC68"	"IEDB"	""	""	"IEDB + MANUAL MAPPING VIA UNIPROT"	"TGME49_233460"
"T. gondii"	"Q19PW5"	"IEDB"	""	""	"IEDB + MANUAL MAPPING VIA UNIPROT"	"TGME49_275440"
"T. gondii"	"Q27004"	"IEDB"	""	""	"IEDB + MANUAL MAPPING VIA UNIPROT"	"TGME49_271050"
"T. gondii"	"Q9BJ38"	"IEDB"	""	""	"IEDB + MANUAL MAPPING VIA UNIPROT"	"TGME49_308020"
"T. gondii"	"Q9BJ41"	"IEDB"	""	""	"IEDB + MANUAL MAPPING VIA UNIPROT"	"TGME49_280570"
"T. cruzi"	"K4DIL9"	"IEDB"	""	""	"IEDB + MAPPING USING BLAST"	"TcCLB.506971.80"
"T. cruzi"	"K4DIL9"	"IEDB"	""	""	"IEDB + MAPPING USING BLAST"	"TcCLB.508389.100"
"T. cruzi"	"K4DIR2"	"IEDB"	""	""	"IEDB + MAPPING USING BLAST"	"TcCLB.506635.20"
"T. cruzi"	"K4DIR2"	"IEDB"	""	""	"IEDB + MAPPING USING BLAST"	"TcCLB.508027.70"
"T. cruzi"	"K4DK97"	"IEDB"	""	""	"IEDB + MAPPING USING BLAST"	"TcCLB.511643.50"
"T. cruzi"	"K4DK97"	"IEDB"	""	""	"IEDB + MAPPING USING BLAST"	"TcCLB.511643.73"
"T. cruzi"	"K4DKE0"	"IEDB"	""	""	"IEDB + MAPPING USING BLAST"	"TcCLB.506659.10"
"T. cruzi"	"K4DKE0"	"IEDB"	""	""	"IEDB + MAPPING USING BLAST"	"TcCLB.508865.30"
"T. cruzi"	"K4DKV7"	"IEDB"	""	""	"IEDB + MAPPING USING BLAST"	"TcCLB.506279.120"
"T. cruzi"	"K4DKV7"	"IEDB"	""	""	"IEDB + MAPPING USING BLAST"	"TcCLB.507633.120"
"T. cruzi"	"K4DKV7"	"IEDB"	""	""	"IEDB + MAPPING USING BLAST"	"TcCLB.507637.60"
"T. cruzi"	"K4DKV7"	"IEDB"	""	""	"IEDB + MAPPING USING BLAST"	"TcCLB.508979.30"
"T. cruzi"	"K4DMD5"	"IEDB"	""	""	"IEDB + MAPPING USING BLAST"	"TcCLB.506401.320"
"T. cruzi"	"K4DMD5"	"IEDB"	""	""	"IEDB + MAPPING USING BLAST"	"TcCLB.510835.40"
"T. cruzi"	"K4DMT7"	"IEDB"	""	""	"IEDB + MAPPING USING BLAST"	"TcCLB.498829.10"
"T. cruzi"	"K4DMT7"	"IEDB"	""	""	"IEDB + MAPPING USING BLAST"	"TcCLB.507071.170"
"T. cruzi"	"K4DMV5"	"IEDB"	""	""	"IEDB + MAPPING USING BLAST"	"TcCLB.504425.10"
"T. cruzi"	"K4DMV5"	"IEDB"	""	""	"IEDB + MAPPING USING BLAST"	"TcCLB.504429.50"
"T. cruzi"	"K4DMV5"	"IEDB"	""	""	"IEDB + MAPPING USING BLAST"	"TcCLB.506253.39"
"T. cruzi"	"K4DMV5"	"IEDB"	""	""	"IEDB + MAPPING USING BLAST"	"TcCLB.507233.10"
"T. cruzi"	"K4DMV5"	"IEDB"	""	""	"IEDB + MAPPING USING BLAST"	"TcCLB.507753.10"
"T. cruzi"	"K4DMV5"	"IEDB"	""	""	"IEDB + MAPPING USING BLAST"	"TcCLB.508045.120"
"T. cruzi"	"K4DMV5"	"IEDB"	""	""	"IEDB + MAPPING USING BLAST"	"TcCLB.508637.10"
"T. cruzi"	"K4DMV5"	"IEDB"	""	""	"IEDB + MAPPING USING BLAST"	"TcCLB.509333.10"
"T. cruzi"	"K4DMV5"	"IEDB"	""	""	"IEDB + MAPPING USING BLAST"	"TcCLB.511911.60"
"T. cruzi"	"K4DN51"	"IEDB"	""	""	"IEDB + MAPPING USING BLAST"	"TcCLB.506139.160"
"T. cruzi"	"K4DN51"	"IEDB"	""	""	"IEDB + MAPPING USING BLAST"	"TcCLB.506965.70"
"T. cruzi"	"K4DN79"	"IEDB"	""	""	"IEDB + MAPPING USING BLAST"	"TcCLB.503771.90"
"T. cruzi"	"K4DNE7"	"IEDB"	""	""	"IEDB + MAPPING USING BLAST"	"TcCLB.506643.10"
"T. cruzi"	"K4DNE7"	"IEDB"	""	""	"IEDB + MAPPING USING BLAST"	"TcCLB.508247.130"
"T. cruzi"	"K4DNE7"	"IEDB"	""	""	"IEDB + MAPPING USING BLAST"	"TcCLB.508853.10"
"T. cruzi"	"K4DNE7"	"IEDB"	""	""	"IEDB + MAPPING USING BLAST"	"TcCLB.509753.60"
"T. cruzi"	"K4DNE7"	"IEDB"	""	""	"IEDB + MAPPING USING BLAST"	"TcCLB.509753.70"
"T. cruzi"	"K4DNE7"	"IEDB"	""	""	"IEDB + MAPPING USING BLAST"	"TcCLB.511599.90"
"T. cruzi"	"K4DNI8"	"IEDB"	""	""	"IEDB + MAPPING USING BLAST"	"TcCLB.510279.90"
"T. cruzi"	"K4DNP3"	"IEDB"	""	""	"IEDB + MAPPING USING BLAST"	"TcCLB.508851.120"
"T. cruzi"	"K4DNP3"	"IEDB"	""	""	"IEDB + MAPPING USING BLAST"	"TcCLB.511589.70"
"T. cruzi"	"K4DNR8"	"IEDB"	""	""	"IEDB + MAPPING USING BLAST"	"TcCLB.506855.90"
"T. cruzi"	"K4DNR8"	"IEDB"	""	""	"IEDB + MAPPING USING BLAST"	"TcCLB.508779.90"
"T. cruzi"	"K4DNR8"	"IEDB"	""	""	"IEDB + MAPPING USING BLAST"	"TcCLB.508781.10"
"T. cruzi"	"K4DNS9"	"IEDB"	""	""	"IEDB + MAPPING USING BLAST"	"TcCLB.506923.10"
"T. cruzi"	"K4DNS9"	"IEDB"	""	""	"IEDB + MAPPING USING BLAST"	"TcCLB.506975.80"
"T. cruzi"	"K4DNS9"	"IEDB"	""	""	"IEDB + MAPPING USING BLAST"	"TcCLB.507085.30"
"T. cruzi"	"K4DNS9"	"IEDB"	""	""	"IEDB + MAPPING USING BLAST"	"TcCLB.507979.30"
"T. cruzi"	"K4DNS9"	"IEDB"	""	""	"IEDB + MAPPING USING BLAST"	"TcCLB.508089.10"
"T. cruzi"	"K4DNS9"	"IEDB"	""	""	"IEDB + MAPPING USING BLAST"	"TcCLB.508913.10"
"T. cruzi"	"K4DNS9"	"IEDB"	""	""	"IEDB + MAPPING USING BLAST"	"TcCLB.509495.30"
"T. cruzi"	"K4DNS9"	"IEDB"	""	""	"IEDB + MAPPING USING BLAST"	"TcCLB.509817.50"
"T. cruzi"	"K4DNS9"	"IEDB"	""	""	"IEDB + MAPPING USING BLAST"	"TcCLB.510055.10"
"T. cruzi"	"K4DNS9"	"IEDB"	""	""	"IEDB + MAPPING USING BLAST"	"TcCLB.510787.10"
"T. cruzi"	"K4DNS9"	"IEDB"	""	""	"IEDB + MAPPING USING BLAST"	"TcCLB.511323.10"
"T. cruzi"	"K4DP84"	"IEDB"	""	""	"IEDB + MAPPING USING BLAST"	"TcCLB.508175.309"
"T. cruzi"	"K4DP84"	"IEDB"	""	""	"IEDB + MAPPING USING BLAST"	"TcCLB.508175.329"
"T. cruzi"	"K4DP84"	"IEDB"	""	""	"IEDB + MAPPING USING BLAST"	"TcCLB.509149.40"
"T. cruzi"	"K4DP84"	"IEDB"	""	""	"IEDB + MAPPING USING BLAST"	"TcCLB.509149.60"
"T. cruzi"	"K4DPB9"	"IEDB"	""	""	"IEDB + MAPPING USING BLAST"	"TcCLB.511313.40"
"T. cruzi"	"K4DPB9"	"IEDB"	""	""	"IEDB + MAPPING USING BLAST"	"TcCLB.511315.9"
"T. cruzi"	"K4DPB9"	"IEDB"	""	""	"IEDB + MAPPING USING BLAST"	"TcCLB.511755.60"
"T. cruzi"	"K4DQE5"	"IEDB"	""	""	"IEDB + MAPPING USING BLAST"	"TcCLB.506321.200"
"T. cruzi"	"K4DQH6"	"IEDB"	""	""	"IEDB + MAPPING USING BLAST"	"TcCLB.507071.20"
"T. cruzi"	"K4DQH6"	"IEDB"	""	""	"IEDB + MAPPING USING BLAST"	"TcCLB.510693.190"
"T. cruzi"	"K4DQK1"	"IEDB"	""	""	"IEDB + MAPPING USING BLAST"	"TcCLB.508047.20"
"T. cruzi"	"K4DQK1"	"IEDB"	""	""	"IEDB + MAPPING USING BLAST"	"TcCLB.510107.30"
"T. cruzi"	"K4DQU1"	"IEDB"	""	""	"IEDB + MAPPING USING BLAST"	"TcCLB.511173.120"
"T. cruzi"	"K4DQU1"	"IEDB"	""	""	"IEDB + MAPPING USING BLAST"	"TcCLB.511173.430"
"T. cruzi"	"K4DQU5"	"IEDB"	""	""	"IEDB + MAPPING USING BLAST"	"TcCLB.510363.280"
"T. cruzi"	"K4DQW8"	"IEDB"	""	""	"IEDB + MAPPING USING BLAST"	"TcCLB.511727.270"
"T. cruzi"	"K4DQW8"	"IEDB"	""	""	"IEDB + MAPPING USING BLAST"	"TcCLB.511727.290"
"T. cruzi"	"K4DRD9"	"IEDB"	""	""	"IEDB + MAPPING USING BLAST"	"TcCLB.506961.25"
"T. cruzi"	"K4DRD9"	"IEDB"	""	""	"IEDB + MAPPING USING BLAST"	"TcCLB.508297.7"
"T. cruzi"	"K4DRH6"	"IEDB"	""	""	"IEDB + MAPPING USING BLAST"	"TcCLB.506147.9"
"T. cruzi"	"K4DRH6"	"IEDB"	""	""	"IEDB + MAPPING USING BLAST"	"TcCLB.507617.9"
"T. cruzi"	"K4DRH6"	"IEDB"	""	""	"IEDB + MAPPING USING BLAST"	"TcCLB.508461.80"
"T. cruzi"	"K4DRN2"	"IEDB"	""	""	"IEDB + MAPPING USING BLAST"	"TcCLB.506993.86"
"T. cruzi"	"K4DRN2"	"IEDB"	""	""	"IEDB + MAPPING USING BLAST"	"TcCLB.506995.70"
"T. cruzi"	"K4DS68"	"IEDB"	""	""	"IEDB + MAPPING USING BLAST"	"TcCLB.510439.61"
"T. cruzi"	"K4DS68"	"IEDB"	""	""	"IEDB + MAPPING USING BLAST"	"TcCLB.511211.160"
"T. cruzi"	"K4DS68"	"IEDB"	""	""	"IEDB + MAPPING USING BLAST"	"TcCLB.511211.170"
"T. cruzi"	"K4DTC7"	"IEDB"	""	""	"IEDB + MAPPING USING BLAST"	"TcCLB.511441.10"
"T. cruzi"	"K4DTE6"	"IEDB"	""	""	"IEDB + MAPPING USING BLAST"	"TcCLB.506563.40"
"T. cruzi"	"K4DTE6"	"IEDB"	""	""	"IEDB + MAPPING USING BLAST"	"TcCLB.509003.70"
"T. cruzi"	"K4DVP0"	"IEDB"	""	""	"IEDB + MAPPING USING BLAST"	"TcCLB.504261.100"
"T. cruzi"	"K4DW82"	"IEDB"	""	""	"IEDB + MAPPING USING BLAST"	"TcCLB.506391.30"
"T. cruzi"	"K4DW82"	"IEDB"	""	""	"IEDB + MAPPING USING BLAST"	"TcCLB.507483.20"
"T. cruzi"	"K4DWB2"	"IEDB"	""	""	"IEDB + MAPPING USING BLAST"	"TcCLB.506139.110"
"T. cruzi"	"K4DWX2"	"IEDB"	""	""	"IEDB + MAPPING USING BLAST"	"TcCLB.510091.90"
"T. cruzi"	"K4DWX2"	"IEDB"	""	""	"IEDB + MAPPING USING BLAST"	"TcCLB.510421.330"
"T. cruzi"	"K4DWZ6"	"IEDB"	""	""	"IEDB + MAPPING USING BLAST"	"TcCLB.503833.40"
"T. cruzi"	"K4DWZ6"	"IEDB"	""	""	"IEDB + MAPPING USING BLAST"	"TcCLB.506213.60"
"T. cruzi"	"K4DWZ6"	"IEDB"	""	""	"IEDB + MAPPING USING BLAST"	"TcCLB.511287.120"
"T. cruzi"	"K4DWZ6"	"IEDB"	""	""	"IEDB + MAPPING USING BLAST"	"TcCLB.511287.40"
"T. cruzi"	"K4DXV7"	"IEDB"	""	""	"IEDB + MAPPING USING BLAST"	"TcCLB.511277.200"
"T. cruzi"	"K4DYP3"	"IEDB"	""	""	"IEDB + MAPPING USING BLAST"	"TcCLB.507091.80"
"T. cruzi"	"K4DYP3"	"IEDB"	""	""	"IEDB + MAPPING USING BLAST"	"TcCLB.508977.50"
"T. cruzi"	"K4DYP3"	"IEDB"	""	""	"IEDB + MAPPING USING BLAST"	"TcCLB.509115.30"
"T. cruzi"	"K4DYP3"	"IEDB"	""	""	"IEDB + MAPPING USING BLAST"	"TcCLB.511399.50"
"T. cruzi"	"K4DYP3"	"IEDB"	""	""	"IEDB + MAPPING USING BLAST"	"TcCLB.511401.100"
"T. cruzi"	"K4DYU0"	"IEDB"	""	""	"IEDB + MAPPING USING BLAST"	"TcCLB.508355.250"
"T. cruzi"	"K4DYU0"	"IEDB"	""	""	"IEDB + MAPPING USING BLAST"	"TcCLB.508355.260"
"T. cruzi"	"K4E316"	"IEDB"	""	""	"IEDB + MAPPING USING BLAST"	"TcCLB.504277.30"
"T. cruzi"	"K4E316"	"IEDB"	""	""	"IEDB + MAPPING USING BLAST"	"TcCLB.506815.20"
"T. cruzi"	"K4E3Q2"	"IEDB"	""	""	"IEDB + MAPPING USING BLAST"	"TcCLB.506263.10"
"T. cruzi"	"K4E3Q2"	"IEDB"	""	""	"IEDB + MAPPING USING BLAST"	"TcCLB.506263.20"
"T. cruzi"	"K4E3Q2"	"IEDB"	""	""	"IEDB + MAPPING USING BLAST"	"TcCLB.510099.120"
"T. cruzi"	"K4E3Z5"	"IEDB"	""	""	"IEDB + MAPPING USING BLAST"	"TcCLB.412093.10"
"T. cruzi"	"K4E3Z5"	"IEDB"	""	""	"IEDB + MAPPING USING BLAST"	"TcCLB.506559.559"
"T. cruzi"	"K4E505"	"IEDB"	""	""	"IEDB + MAPPING USING BLAST"	"TcCLB.504769.100"
"T. cruzi"	"K4E505"	"IEDB"	""	""	"IEDB + MAPPING USING BLAST"	"TcCLB.506471.120"
"T. cruzi"	"K4E505"	"IEDB"	""	""	"IEDB + MAPPING USING BLAST"	"TcCLB.506471.30"
"T. cruzi"	"K4E505"	"IEDB"	""	""	"IEDB + MAPPING USING BLAST"	"TcCLB.506595.40"
"T. cruzi"	"K4E505"	"IEDB"	""	""	"IEDB + MAPPING USING BLAST"	"TcCLB.506713.80"
"T. cruzi"	"K4E505"	"IEDB"	""	""	"IEDB + MAPPING USING BLAST"	"TcCLB.507035.11"
"T. cruzi"	"K4E505"	"IEDB"	""	""	"IEDB + MAPPING USING BLAST"	"TcCLB.508607.50"
"T. cruzi"	"K4E505"	"IEDB"	""	""	"IEDB + MAPPING USING BLAST"	"TcCLB.509765.129"
"T. cruzi"	"K4E7M4"	"IEDB"	""	""	"IEDB + MAPPING USING BLAST"	"TcCLB.508831.140"
"T. cruzi"	"K4E7M4"	"IEDB"	""	""	"IEDB + MAPPING USING BLAST"	"TcCLB.511671.60"
"T. cruzi"	"K4E8B6"	"IEDB"	""	""	"IEDB + MAPPING USING BLAST"	"TcCLB.506965.140"
"T. cruzi"	"K4E8P9"	"IEDB"	""	""	"IEDB + MAPPING USING BLAST"	"TcCLB.506779.180"
"T. cruzi"	"K4E8P9"	"IEDB"	""	""	"IEDB + MAPPING USING BLAST"	"TcCLB.507559.110"
"T. cruzi"	"K4E8P9"	"IEDB"	""	""	"IEDB + MAPPING USING BLAST"	"TcCLB.507559.120"
"T. cruzi"	"K4E8P9"	"IEDB"	""	""	"IEDB + MAPPING USING BLAST"	"TcCLB.509035.20"
"T. cruzi"	"K4E8P9"	"IEDB"	""	""	"IEDB + MAPPING USING BLAST"	"TcCLB.509037.20"
"T. cruzi"	"K4E8P9"	"IEDB"	""	""	"IEDB + MAPPING USING BLAST"	"TcCLB.510303.10"
"T. cruzi"	"K4E8P9"	"IEDB"	""	""	"IEDB + MAPPING USING BLAST"	"TcCLB.510303.140"
"T. cruzi"	"K4E8P9"	"IEDB"	""	""	"IEDB + MAPPING USING BLAST"	"TcCLB.510303.20"
"T. cruzi"	"K4E8P9"	"IEDB"	""	""	"IEDB + MAPPING USING BLAST"	"TcCLB.511153.19"
"T. cruzi"	"K4E8P9"	"IEDB"	""	""	"IEDB + MAPPING USING BLAST"	"TcCLB.511153.40"
"T. cruzi"	"K4E8P9"	"IEDB"	""	""	"IEDB + MAPPING USING BLAST"	"TcCLB.511701.19"
"T. cruzi"	"K4E8P9"	"IEDB"	""	""	"IEDB + MAPPING USING BLAST"	"TcCLB.511703.19"
"T. cruzi"	"K4E900"	"IEDB"	""	""	"IEDB + MAPPING USING BLAST"	"TcCLB.506789.280"
"T. cruzi"	"K4E900"	"IEDB"	""	""	"IEDB + MAPPING USING BLAST"	"TcCLB.508387.20"
"T. cruzi"	"K4E9F6"	"IEDB"	""	""	"IEDB + MAPPING USING BLAST"	"TcCLB.508175.146"
"T. cruzi"	"K4E9F6"	"IEDB"	""	""	"IEDB + MAPPING USING BLAST"	"TcCLB.509151.140"
"T. cruzi"	"K4EAM3"	"IEDB"	""	""	"IEDB + MAPPING USING BLAST"	"TcCLB.503665.30"
"T. cruzi"	"K4EAM3"	"IEDB"	""	""	"IEDB + MAPPING USING BLAST"	"TcCLB.508521.70"
"T. cruzi"	"K4EAM3"	"IEDB"	""	""	"IEDB + MAPPING USING BLAST"	"TcCLB.509259.30"
"T. cruzi"	"K4EAM3"	"IEDB"	""	""	"IEDB + MAPPING USING BLAST"	"TcCLB.509753.250"
"T. cruzi"	"K4EAM3"	"IEDB"	""	""	"IEDB + MAPPING USING BLAST"	"TcCLB.511593.60"
"T. cruzi"	"K4EAM3"	"IEDB"	""	""	"IEDB + MAPPING USING BLAST"	"TcCLB.511595.30"
"T. cruzi"	"K4EAY0"	"IEDB"	""	""	"IEDB + MAPPING USING BLAST"	"TcCLB.504205.20"
"T. cruzi"	"K4EAY0"	"IEDB"	""	""	"IEDB + MAPPING USING BLAST"	"TcCLB.504341.10"
"T. cruzi"	"K4EAY0"	"IEDB"	""	""	"IEDB + MAPPING USING BLAST"	"TcCLB.504533.40"
"T. cruzi"	"K4EAY0"	"IEDB"	""	""	"IEDB + MAPPING USING BLAST"	"TcCLB.506053.50"
"T. cruzi"	"K4EAY0"	"IEDB"	""	""	"IEDB + MAPPING USING BLAST"	"TcCLB.507121.11"
"T. cruzi"	"K4EAY0"	"IEDB"	""	""	"IEDB + MAPPING USING BLAST"	"TcCLB.507723.50"
"T. cruzi"	"K4EAY0"	"IEDB"	""	""	"IEDB + MAPPING USING BLAST"	"TcCLB.507773.10"
"T. cruzi"	"K4EAY0"	"IEDB"	""	""	"IEDB + MAPPING USING BLAST"	"TcCLB.507907.10"
"T. cruzi"	"K4EAY0"	"IEDB"	""	""	"IEDB + MAPPING USING BLAST"	"TcCLB.507995.20"
"T. cruzi"	"K4EAY0"	"IEDB"	""	""	"IEDB + MAPPING USING BLAST"	"TcCLB.507997.14"
"T. cruzi"	"K4EAY0"	"IEDB"	""	""	"IEDB + MAPPING USING BLAST"	"TcCLB.509265.120"
"T. cruzi"	"K4EAY0"	"IEDB"	""	""	"IEDB + MAPPING USING BLAST"	"TcCLB.510929.10"
"T. cruzi"	"K4EAY0"	"IEDB"	""	""	"IEDB + MAPPING USING BLAST"	"TcCLB.511671.20"
"T. cruzi"	"K4EBW7"	"IEDB"	""	""	"IEDB + MAPPING USING BLAST"	"TcCLB.503771.90"
"T. cruzi"	"K4EC26"	"IEDB"	""	""	"IEDB + MAPPING USING BLAST"	"TcCLB.509287.110"
"T. cruzi"	"K4ECL2"	"IEDB"	""	""	"IEDB + MAPPING USING BLAST"	"TcCLB.508221.381"
"T. cruzi"	"K4ECL2"	"IEDB"	""	""	"IEDB + MAPPING USING BLAST"	"TcCLB.508221.970"
"T. cruzi"	"K4ECL2"	"IEDB"	""	""	"IEDB + MAPPING USING BLAST"	"TcCLB.508873.344"
"T. cruzi"	"K4ECL2"	"IEDB"	""	""	"IEDB + MAPPING USING BLAST"	"TcCLB.510363.220"
"T. cruzi"	"K4ECL2"	"IEDB"	""	""	"IEDB + MAPPING USING BLAST"	"TcCLB.511255.50"
"T. cruzi"	"K4EDF4"	"IEDB"	""	""	"IEDB + MAPPING USING BLAST"	"TcCLB.504157.130"
"T. cruzi"	"K4EDF4"	"IEDB"	""	""	"IEDB + MAPPING USING BLAST"	"TcCLB.506617.10"
"T. cruzi"	"K4EDF4"	"IEDB"	""	""	"IEDB + MAPPING USING BLAST"	"TcCLB.506617.20"
"T. cruzi"	"K4EDF4"	"IEDB"	""	""	"IEDB + MAPPING USING BLAST"	"TcCLB.506617.5"
"T. cruzi"	"K4EDF4"	"IEDB"	""	""	"IEDB + MAPPING USING BLAST"	"TcCLB.508767.20"
"T. cruzi"	"K4EE21"	"IEDB"	""	""	"IEDB + MAPPING USING BLAST"	"TcCLB.508989.9"
"T. cruzi"	"K4EE21"	"IEDB"	""	""	"IEDB + MAPPING USING BLAST"	"TcCLB.509569.100"
"T. cruzi"	"TcCLB.468217.14"	"PAPER"	"PMID: 23272069"	""	"PAPER + MAPPING USING BLAST"	"TcCLB.468217.14"
"T. cruzi"	"TcCLB.503533.40"	"PAPER"	"PMID: 23272069"	""	"PAPER + MAPPING USING BLAST"	"TcCLB.503645.40"
"T. cruzi"	"TcCLB.503645.40"	"PAPER"	"PMID: 23272069"	""	"PAPER + MAPPING USING BLAST"	"TcCLB.503761.40"
"T. cruzi"	"TcCLB.503665.30"	"PAPER"	"PMID: 23272069"	""	"PAPER + MAPPING USING BLAST"	"TcCLB.503849.40"
"T. cruzi"	"TcCLB.503761.40"	"PAPER"	"PMID: 23272069"	""	"PAPER + MAPPING USING BLAST"	"TcCLB.503973.150"
"T. cruzi"	"TcCLB.503849.40"	"PAPER"	"PMID: 23272069"	""	"PAPER + MAPPING USING BLAST"	"TcCLB.504081.460"
"T. cruzi"	"TcCLB.503973.150"	"PAPER"	"PMID: 23272069"	""	"PAPER + MAPPING USING BLAST"	"TcCLB.504159.10"
"T. cruzi"	"TcCLB.504031.30"	"PAPER"	"PMID: 23272069"	""	"PAPER + MAPPING USING BLAST"	"TcCLB.504239.350"
"T. cruzi"	"TcCLB.504159.10"	"PAPER"	"PMID: 23272069"	""	"PAPER + MAPPING USING BLAST"	"TcCLB.505297.60"
"T. cruzi"	"TcCLB.504239.350"	"PAPER"	"PMID: 23272069"	""	"PAPER + MAPPING USING BLAST"	"TcCLB.505931.40"
"T. cruzi"	"TcCLB.504277.30"	"PAPER"	"PMID: 23272069"	""	"PAPER + MAPPING USING BLAST"	"TcCLB.506177.20"
"T. cruzi"	"TcCLB.505297.60"	"PAPER"	"PMID: 23272069"	""	"PAPER + MAPPING USING BLAST"	"TcCLB.506303.80"
"T. cruzi"	"TcCLB.506131.84"	"PAPER"	"PMID: 23272069"	""	"PAPER + MAPPING USING BLAST"	"TcCLB.506409.30"
"T. cruzi"	"TcCLB.506177.20"	"PAPER"	"PMID: 23272069"	""	"PAPER + MAPPING USING BLAST"	"TcCLB.506499.40"
"T. cruzi"	"TcCLB.506303.80"	"PAPER"	"PMID: 23272069"	""	"PAPER + MAPPING USING BLAST"	"TcCLB.506599.100"
"T. cruzi"	"TcCLB.506391.30"	"PAPER"	"PMID: 23272069"	""	"PAPER + MAPPING USING BLAST"	"TcCLB.506599.420"
"T. cruzi"	"TcCLB.506401.320"	"PAPER"	"PMID: 23272069"	""	"PAPER + MAPPING USING BLAST"	"TcCLB.506613.50"
"T. cruzi"	"TcCLB.506423.10"	"PAPER"	"PMID: 23272069"	""	"PAPER + MAPPING USING BLAST"	"TcCLB.506671.10"
"T. cruzi"	"TcCLB.506499.40"	"PAPER"	"PMID: 23272069"	""	"PAPER + MAPPING USING BLAST"	"TcCLB.506759.40"
"T. cruzi"	"TcCLB.506559.559"	"PAPER"	"PMID: 23272069"	""	"PAPER + MAPPING USING BLAST"	"TcCLB.506759.80"
"T. cruzi"	"TcCLB.506563.40"	"PAPER"	"PMID: 23272069"	""	"PAPER + MAPPING USING BLAST"	"TcCLB.506769.80"
"T. cruzi"	"TcCLB.506599.100"	"PAPER"	"PMID: 23272069"	""	"PAPER + MAPPING USING BLAST"	"TcCLB.506799.130"
"T. cruzi"	"TcCLB.506599.420"	"PAPER"	"PMID: 23272069"	""	"PAPER + MAPPING USING BLAST"	"TcCLB.506811.160"
"T. cruzi"	"TcCLB.506671.10"	"PAPER"	"PMID: 23272069"	""	"PAPER + MAPPING USING BLAST"	"TcCLB.506963.100"
"T. cruzi"	"TcCLB.506759.80"	"PAPER"	"PMID: 23272069"	""	"PAPER + MAPPING USING BLAST"	"TcCLB.506973.20"
"T. cruzi"	"TcCLB.506769.80"	"PAPER"	"PMID: 23272069"	""	"PAPER + MAPPING USING BLAST"	"TcCLB.506973.30"
"T. cruzi"	"TcCLB.506799.130"	"PAPER"	"PMID: 23272069"	""	"PAPER + MAPPING USING BLAST"	"TcCLB.506989.190"
"T. cruzi"	"TcCLB.506855.90"	"PAPER"	"PMID: 23272069"	""	"PAPER + MAPPING USING BLAST"	"TcCLB.507071.100"
"T. cruzi"	"TcCLB.506963.100"	"PAPER"	"PMID: 23272069"	""	"PAPER + MAPPING USING BLAST"	"TcCLB.507083.109"
"T. cruzi"	"TcCLB.506973.20"	"PAPER"	"PMID: 23272069"	""	"PAPER + MAPPING USING BLAST"	"TcCLB.507511.81"
"T. cruzi"	"TcCLB.506973.30"	"PAPER"	"PMID: 23272069"	""	"PAPER + MAPPING USING BLAST"	"TcCLB.507511.91"
"T. cruzi"	"TcCLB.506995.70"	"PAPER"	"PMID: 23272069"	""	"PAPER + MAPPING USING BLAST"	"TcCLB.507649.80"
"T. cruzi"	"TcCLB.507071.100"	"PAPER"	"PMID: 23272069"	""	"PAPER + MAPPING USING BLAST"	"TcCLB.507699.10"
"T. cruzi"	"TcCLB.507071.170"	"PAPER"	"PMID: 23272069"	""	"PAPER + MAPPING USING BLAST"	"TcCLB.507859.60"
"T. cruzi"	"TcCLB.507071.20"	"PAPER"	"PMID: 23272069"	""	"PAPER + MAPPING USING BLAST"	"TcCLB.507867.10"
"T. cruzi"	"TcCLB.507091.80"	"PAPER"	"PMID: 23272069"	""	"PAPER + MAPPING USING BLAST"	"TcCLB.508099.40"
"T. cruzi"	"TcCLB.507295.20"	"PAPER"	"PMID: 23272069"	""	"PAPER + MAPPING USING BLAST"	"TcCLB.508119.200"
"T. cruzi"	"TcCLB.507511.81"	"PAPER"	"PMID: 23272069"	""	"PAPER + MAPPING USING BLAST"	"TcCLB.508125.140"
"T. cruzi"	"TcCLB.507511.91"	"PAPER"	"PMID: 23272069"	""	"PAPER + MAPPING USING BLAST"	"TcCLB.508165.350"
"T. cruzi"	"TcCLB.507699.10"	"PAPER"	"PMID: 23272069"	""	"PAPER + MAPPING USING BLAST"	"TcCLB.508305.50"
"T. cruzi"	"TcCLB.507867.10"	"PAPER"	"PMID: 23272069"	""	"PAPER + MAPPING USING BLAST"	"TcCLB.508375.10"
"T. cruzi"	"TcCLB.508013.110"	"PAPER"	"PMID: 23272069"	""	"PAPER + MAPPING USING BLAST"	"TcCLB.508389.130"
"T. cruzi"	"TcCLB.508027.70"	"PAPER"	"PMID: 23272069"	""	"PAPER + MAPPING USING BLAST"	"TcCLB.508389.154"
"T. cruzi"	"TcCLB.508099.40"	"PAPER"	"PMID: 23272069"	""	"PAPER + MAPPING USING BLAST"	"TcCLB.508541.110"
"T. cruzi"	"TcCLB.508175.329"	"PAPER"	"PMID: 23272069"	""	"PAPER + MAPPING USING BLAST"	"TcCLB.508831.150"
"T. cruzi"	"TcCLB.508305.50"	"PAPER"	"PMID: 23272069"	""	"PAPER + MAPPING USING BLAST"	"TcCLB.509003.10"
"T. cruzi"	"TcCLB.508389.130"	"PAPER"	"PMID: 23272069"	""	"PAPER + MAPPING USING BLAST"	"TcCLB.509157.120"
"T. cruzi"	"TcCLB.508389.154"	"PAPER"	"PMID: 23272069"	""	"PAPER + MAPPING USING BLAST"	"TcCLB.509195.30"
"T. cruzi"	"TcCLB.508541.110"	"PAPER"	"PMID: 23272069"	""	"PAPER + MAPPING USING BLAST"	"TcCLB.509471.68"
"T. cruzi"	"TcCLB.508607.50"	"PAPER"	"PMID: 23272069"	""	"PAPER + MAPPING USING BLAST"	"TcCLB.509471.86"
"T. cruzi"	"TcCLB.508637.10"	"PAPER"	"PMID: 23272069"	""	"PAPER + MAPPING USING BLAST"	"TcCLB.509545.50"
"T. cruzi"	"TcCLB.508831.140"	"PAPER"	"PMID: 23272069"	""	"PAPER + MAPPING USING BLAST"	"TcCLB.509793.50"
"T. cruzi"	"TcCLB.508831.150"	"PAPER"	"PMID: 23272069"	""	"PAPER + MAPPING USING BLAST"	"TcCLB.509925.10"
"T. cruzi"	"TcCLB.508865.30"	"PAPER"	"PMID: 23272069"	""	"PAPER + MAPPING USING BLAST"	"TcCLB.510101.430"
"T. cruzi"	"TcCLB.509003.10"	"PAPER"	"PMID: 23272069"	""	"PAPER + MAPPING USING BLAST"	"TcCLB.510105.310"
"T. cruzi"	"TcCLB.509151.140"	"PAPER"	"PMID: 23272069"	""	"PAPER + MAPPING USING BLAST"	"TcCLB.510205.50"
"T. cruzi"	"TcCLB.509157.120"	"PAPER"	"PMID: 23272069"	""	"PAPER + MAPPING USING BLAST"	"TcCLB.510275.370"
"T. cruzi"	"TcCLB.509195.30"	"PAPER"	"PMID: 23272069"	""	"PAPER + MAPPING USING BLAST"	"TcCLB.510279.140"
"T. cruzi"	"TcCLB.509471.68"	"PAPER"	"PMID: 23272069"	""	"PAPER + MAPPING USING BLAST"	"TcCLB.510307.284"
"T. cruzi"	"TcCLB.509471.86"	"PAPER"	"PMID: 23272069"	""	"PAPER + MAPPING USING BLAST"	"TcCLB.510371.120"
"T. cruzi"	"TcCLB.509545.50"	"PAPER"	"PMID: 23272069"	""	"PAPER + MAPPING USING BLAST"	"TcCLB.510373.90"
"T. cruzi"	"TcCLB.509925.10"	"PAPER"	"PMID: 23272069"	""	"PAPER + MAPPING USING BLAST"	"TcCLB.510621.20"
"T. cruzi"	"TcCLB.510101.430"	"PAPER"	"PMID: 23272069"	""	"PAPER + MAPPING USING BLAST"	"TcCLB.510621.49"
"T. cruzi"	"TcCLB.510105.310"	"PAPER"	"PMID: 23272069"	""	"PAPER + MAPPING USING BLAST"	"TcCLB.510621.60"
"T. cruzi"	"TcCLB.510107.30"	"PAPER"	"PMID: 23272069"	""	"PAPER + MAPPING USING BLAST"	"TcCLB.510625.190"
"T. cruzi"	"TcCLB.510205.50"	"PAPER"	"PMID: 23272069"	""	"PAPER + MAPPING USING BLAST"	"TcCLB.510643.140"
"T. cruzi"	"TcCLB.510275.370"	"PAPER"	"PMID: 23272069"	""	"PAPER + MAPPING USING BLAST"	"TcCLB.510697.40"
"T. cruzi"	"TcCLB.510279.140"	"PAPER"	"PMID: 23272069"	""	"PAPER + MAPPING USING BLAST"	"TcCLB.511171.90"
"T. cruzi"	"TcCLB.510307.284"	"PAPER"	"PMID: 23272069"	""	"PAPER + MAPPING USING BLAST"	"TcCLB.511173.100"
"T. cruzi"	"TcCLB.510371.120"	"PAPER"	"PMID: 23272069"	""	"PAPER + MAPPING USING BLAST"	"TcCLB.511173.270"
"T. cruzi"	"TcCLB.510373.90"	"PAPER"	"PMID: 23272069"	""	"PAPER + MAPPING USING BLAST"	"TcCLB.511173.64"
"T. cruzi"	"TcCLB.510621.60"	"PAPER"	"PMID: 23272069"	""	"PAPER + MAPPING USING BLAST"	"TcCLB.511529.80"
"T. cruzi"	"TcCLB.510625.190"	"PAPER"	"PMID: 23272069"	""	"PAPER + MAPPING USING BLAST"	"TcCLB.511633.79"
"T. cruzi"	"TcCLB.510643.140"	"PAPER"	"PMID: 23272069"	""	"PAPER + MAPPING USING BLAST"	"TcCLB.511671.50"
"T. cruzi"	"TcCLB.510697.40"	"PAPER"	"PMID: 23272069"	""	"PAPER + MAPPING USING BLAST"	"TcCLB.511679.10"
"T. cruzi"	"TcCLB.511171.90"	"PAPER"	"PMID: 23272069"	""	"PAPER + MAPPING USING BLAST"	"TcCLB.511787.10"
"T. cruzi"	"TcCLB.511173.100"	"PAPER"	"PMID: 23272069"	""	"PAPER + MAPPING USING BLAST"	"TcCLB.511797.167"
